id,Value of House,TAX,LOT SQFT,YR BUILT,GROSS AREA,LIVING AREA,FLOORS,ROOMS,BEDROOMS,FULL BATH,HALF BATH,KITCHEN,FIREPLACE,REMODEL
280,287.2,3612,6750,1950,2344,1000,1,5,2,1,0,1,1,No
5210,360.3,4532,4500,1925,2680,1200,1,6,3,1,1,1,1,No
2906,413.9,5206,7875,1890,4203,2408,2,8,4,2,0,1,0,No
924,330.2,4153,7092,1950,2778,1270,1,7,3,1,0,1,1,No
4274,380.1,4781,3244,1950,2616,1598,2,8,4,2,0,1,0,Old
1024,249.4,3137,4000,1920,1542,720,1,4,2,1,0,1,0,No
4616,482.7,6072,6250,1904,3337,2045,2.5,8,4,2,1,1,0,Recent
4867,395.7,4977,4875,1920,2746,1768,2,7,3,1,1,1,1,No
5646,388.9,4892,4700,1925,3302,1753,2,8,3,1,1,1,0,No
1798,488.8,6149,6950,1960,3468,2052,2,9,4,2,1,1,1,No
831,402.3,5060,6763,1970,3688,2192,2,7,3,2,1,1,1,No
2720,345.4,4345,4500,1950,2576,1346,1.5,6,2,2,0,1,1,Old
1399,401.6,5052,10103,1950,2566,1430,1.5,6,2,2,0,1,1,Recent
5111,345.6,4347,4770,1920,2076,1288,2,6,3,1,0,1,0,No
1838,409.5,5151,4864,1950,3998,2176,1.5,11,4,2,1,2,1,No
2746,366.8,4614,3360,1921,2564,1560,2,6,3,1,0,1,1,No
828,285.9,3596,3354,1956,2304,1306,1.5,6,3,2,0,1,1,No
2276,464.2,5839,7560,1925,2338,1508,2,9,4,1,0,1,1,No
2219,582.5,7327,5298,1929,3568,2352,2,9,3,1,1,1,1,No
850,304.5,3830,4520,1960,2105,1352,2,6,3,1,1,1,1,No
3661,331.3,4167,3416,1920,3047,1378,1,6,3,1,1,1,0,No
580,370.3,4658,6091,1960,2868,1589,1.5,7,4,2,1,1,0,No
3455,417.1,5247,6285,1975,2664,1720,2,7,3,2,0,1,1,No
526,338.7,4260,8815,1965,2256,1726,1,7,3,2,0,2,0,No
535,295.6,3718,1237,1990,3039,1908,2,7,4,1,2,1,1,No
5046,385.2,4845,5632,1925,2530,1634,2,7,3,1,0,1,1,No
431,312.7,3933,5633,1960,2732,1469,1.5,6,2,2,0,1,1,No
4219,349,4390,6000,1914,2784,1624,2,7,4,1,0,1,1,No
5647,473.7,5959,5000,1920,2402,1632,2,7,3,1,1,1,0,Old
1308,327.4,4118,6697,1920,2317,1396,2,7,3,1,0,1,1,No
2588,448.2,5638,21933,1955,3418,1540,1,6,3,1,1,1,1,Recent
886,309.6,3894,8055,1960,2184,1351,1,5,2,1,0,1,1,No
4938,438.9,5521,6250,1920,3006,2064,2,7,3,2,1,1,1,Old
5519,421.3,5299,7150,1960,3032,1944,1,6,3,1,1,1,1,No
29,247.3,3111,4012,1896,1994,1048,1.5,6,3,1,0,1,0,No
3807,288.6,3630,4250,1930,2270,1044,1,5,2,1,0,1,1,No
2761,659.015,8290,6500,2010,6406,3351,2,9,4,2,1,1,1,No
5481,442.1,5561,8051,1940,3152,1695,1.5,7,3,1,1,1,1,Recent
5250,594.2,7475,7277,1995,3668,2200,2,7,4,2,1,1,3,Recent
4658,791.6,9958,7629,1890,6321,3521,2,12,6,4,1,1,2,Recent
4020,279.1,3511,4404,1920,1988,960,1,5,2,1,0,1,1,No
1537,365.3,4595,6624,1983,2635,1387,1.5,5,3,1,1,1,1,Recent
3900,348.6,4385,4000,1920,2627,1706,2,7,4,1,1,1,0,No
3705,352.9,4439,6334,1900,2677,1346,1.5,7,3,1,0,1,1,Old
5009,409.5,5151,4680,1895,3490,1890,2,6,2,2,1,1,0,No
1784,423.4,5326,4112,1940,3666,1682,1,8,3,2,1,1,1,Recent
2184,716.2,9009,9022,1920,4758,3132,2,13,6,2,0,1,1,Old
4233,276.9,3483,4000,1925,1591,1000,1,5,2,1,0,1,0,No
4599,506.5,6371,6613,1930,3813,2063,2,8,4,3,0,1,1,No
2858,336.3,4230,4900,1929,2597,1568,2,7,3,1,0,1,0,No
34,342.5,4308,4717,1925,2802,1620,2,7,3,1,1,1,0,No
1962,416.6,5240,5068,1925,3112,1734,2,9,4,2,1,1,1,No
4505,485.5,6107,6252,1930,2587,1615,2,9,3,1,1,1,1,Recent
4365,500.3,6293,7232,1920,5206,2692,2,9,3,2,0,1,1,No
1314,348.3,4381,3400,1920,2540,1632,2,9,4,1,1,1,1,No
2032,312.5,3931,6057,1950,2374,1306,1.5,6,3,2,0,1,1,No
3138,406.8,5117,7600,1915,3404,1745,2,8,3,1,1,1,0,No
5396,389.7,4902,5798,1924,3268,1808,2,9,4,1,1,1,1,No
297,297.8,3746,5975,1955,2628,1469,1.5,7,3,2,0,1,0,No
5484,364.9,4590,4760,1960,2352,1100,1,5,3,2,0,1,1,No
2977,741.9,9333,7589,2006,4856,3245,1.5,10,5,3,1,1,2,No
4974,446.7,5619,7498,1946,2860,1680,1.5,8,4,1,1,1,1,No
5549,344.1,4328,7482,1950,2635,1315,1,7,3,1,1,1,1,No
201,289.5,3641,4335,1965,2087,1326,2,7,3,1,1,1,1,Old
4696,453.4,5703,7571,1925,2820,1950,2,7,3,2,0,1,1,Recent
4191,442,5560,6309,1935,3665,2074,2,9,5,2,0,1,1,No
4738,408.8,5142,7218,1940,2946,1428,1.5,6,2,1,1,1,1,Recent
1863,309.4,3892,3649,1960,2248,1488,2,7,4,1,1,1,1,No
1136,446.4,5615,6000,1989,2700,1740,2,7,4,1,2,1,1,No
1615,337.4,4244,6600,1930,2447,1226,1.5,7,3,1,1,1,0,No
614,301,3786,6000,1960,2280,1715,1,7,3,1,1,2,1,No
1388,398.8,5016,6000,1985,3320,1938,2,8,4,1,1,1,1,No
3520,402.3,5060,6083,1930,2714,1792,2,8,3,1,1,1,0,Old
2968,369.5,4648,5500,1955,2820,1503,1.5,7,4,2,0,1,1,No
5052,522.7,6575,6048,1938,3134,2006,2,7,3,2,1,1,2,No
5459,367,4616,4461,1924,2604,1404,2,6,3,1,1,1,1,No
1747,325.3,4092,3310,1960,2328,1536,2,7,4,1,1,1,1,No
5294,389.8,4903,5000,1972,2400,1620,2,6,3,1,1,1,0,No
4076,315.5,3968,5000,1950,2256,1042,1,7,3,1,0,1,0,No
2104,470.1,5913,5000,1900,3061,1836,2,7,3,2,1,1,0,Recent
4506,338.5,4258,3525,1940,2016,960,1,5,2,1,0,1,0,No
3695,419.4,5276,4400,1902,4217,2680,2.5,9,6,1,1,1,2,No
3832,292.1,3674,4250,1957,2430,1137,1,6,3,1,0,1,1,Old
5797,413.414,5200,9150,1950,2324,1326,2,7,3,1,1,1,1,No
3384,396.1,4982,6375,1890,3114,1778,2,8,4,2,0,1,1,Recent
1687,270.5,3402,4433,1930,3238,1492,1,6,2,1,0,1,0,Old
3605,399.5,5025,9030,1987,3006,1904,2,8,3,1,1,1,1,No
913,300.6,3781,5043,1955,2336,1306,1.5,6,3,2,0,1,1,No
4293,340.6,4284,5016,1950,2284,1173,1.5,5,2,1,1,1,2,No
1396,313.4,3942,4050,1920,2536,1582,2,6,3,1,1,1,1,No
3649,270,3396,4204,1938,2373,1050,1,6,2,1,0,1,0,No
2250,491.1,6178,6500,1958,3722,2048,2,8,4,3,1,1,1,Recent
2451,545,6856,8598,1930,4111,2133,2,7,3,1,1,1,1,Old
1975,289.7,3644,4581,1925,2091,975,1,5,2,1,0,1,0,No
567,355.8,4475,8526,1965,2068,1726,1,9,3,2,0,2,0,No
5405,429.2,5399,8160,1925,3359,1544,1,7,4,1,1,1,1,No
5462,422.2,5311,5000,1910,3144,1828,2,9,4,1,1,1,1,No
5382,420.4,5288,6548,1950,2918,1643,2,7,3,1,1,1,1,No
918,321.5,4044,5616,1910,2664,1346,1.5,7,3,1,0,1,0,Recent
4652,345,4340,3224,1963,2213,1274,2,6,3,1,1,1,1,No
5436,387.3,4872,7125,1935,2530,1430,2,6,3,1,1,1,1,Recent
4999,352.6,4435,4750,1910,3332,1771,1.5,7,3,1,0,1,1,No
1525,518.3,6520,7877,1951,3644,2150,2,9,6,2,0,1,0,Recent
777,346.7,4361,3502,1989,2523,1632,2,8,3,1,1,1,0,No
1289,357.4,4496,4000,1915,3954,1725,1,7,4,1,1,1,1,Old
4667,419.2,5273,5590,1910,3597,2151,2,8,3,1,1,1,1,No
170,307.1,3863,6000,1965,2308,2009,1,9,3,2,0,1,0,No
1208,297.7,3745,3564,1899,2369,1448,2,6,3,1,1,1,0,No
4384,384.3,4834,4196,1920,2872,1593,1.5,5,2,1,1,1,0,No
807,280.4,3527,3207,1914,2622,1379,2,7,3,1,1,1,0,No
5658,465.9,5861,5180,1950,2826,1674,2,8,3,1,1,1,1,Old
5792,564,7095,5000,1950,4108,2421,2,7,4,1,2,1,1,Recent
4431,484.5,6095,8474,1940,2844,1558,2,7,3,1,1,1,1,No
3034,349.4,4395,5500,1920,2835,1544,1.5,6,2,1,1,1,1,No
1987,340.5,4283,5958,1920,2184,1210,1.5,6,3,1,1,1,1,No
1234,378.8,4765,6000,1985,2851,1795,2,6,3,2,0,1,1,No
3524,482.3,6067,11324,1940,3555,1981,2,10,5,1,1,1,1,Old
366,340.7,4286,5941,1962,2712,1469,1.5,7,3,2,0,1,0,Recent
2131,451.2,5676,8143,1920,2976,1770,2,7,3,1,1,1,1,No
3227,344,4327,5812,1920,2924,1595,1.5,6,3,2,0,1,1,No
3671,523,6579,8665,1920,4399,2416,2,9,4,1,2,1,2,Old
2056,419.2,5273,5200,1940,2567,1464,2,7,3,1,1,1,1,No
2863,442.3,5564,3750,1923,2754,1859,2,8,3,2,0,1,1,Recent
2539,302.3,3802,5500,1935,2304,1116,1,6,2,1,0,1,1,Old
4249,341,4289,3811,1925,2064,1364,2,7,3,1,0,1,1,No
527,276.9,3483,4254,1962,2100,1404,1,5,3,1,1,1,0,Old
4204,329,4138,5912,1930,2807,1218,1,6,2,1,0,1,1,No
4918,375,4717,5000,1930,2874,1724,2,6,3,1,0,1,0,No
3816,370.1,4655,3816,1931,3590,1588,1,9,4,2,0,1,1,No
577,297.9,3747,4000,1980,2352,1104,1,8,4,2,0,1,0,No
829,302.3,3802,4513,1950,2276,1056,1,5,3,2,0,1,1,Recent
2502,447.3,5627,6687,1902,3692,2132,2,7,4,1,1,1,1,No
4413,548.5,6900,8424,1965,3086,1988,1,6,3,1,1,1,2,No
3921,346.7,4361,4000,1920,2504,1188,1,6,2,1,0,1,1,Recent
496,281.7,3543,4272,1962,1669,1104,2,5,3,1,1,1,0,No
1183,259.7,3267,3178,1925,2464,1206,1,6,2,1,0,1,0,No
96,360.9,4540,5400,1950,2508,1440,2,6,3,3,0,1,0,Recent
294,337.2,4241,13250,1950,2508,1075,1,6,3,1,1,1,1,No
5539,470.2,5915,6000,1953,3346,2005,2,7,3,1,1,1,1,No
4439,416.2,5235,4440,1935,3074,1832,2,8,4,2,0,1,0,No
3259,331.3,4167,4793,1945,2154,1380,2,6,3,1,0,1,0,No
20,348,4377,9001,1875,2840,1632,2,7,3,1,0,1,0,No
1491,374.1,4706,5387,1959,3086,1666,1.5,6,3,1,1,1,1,Old
2835,359.8,4526,3850,1939,2355,1379,2,7,3,1,1,1,1,No
2194,455.9,5735,4708,1936,2924,1933,2,8,4,1,1,1,1,No
3358,574.3,7224,9562,1909,4173,2367,2.5,9,5,2,1,1,1,Recent
637,488.2,6141,18515,1989,4449,2511,2,9,3,3,0,1,2,No
2996,535,6730,5732,1900,3818,2113,2,9,5,1,0,1,1,No
2344,428.3,5388,4002,1913,3325,1966,2,7,4,1,1,1,1,Recent
1110,257.4,3238,5850,1940,2295,1015,1,6,3,1,0,1,0,No
252,561.8,7067,9604,2006,3960,2455,2,8,4,2,1,1,1,No
3562,412.2,5185,7090,1987,3151,1836,2,8,3,1,1,1,1,No
5029,370.4,4659,4461,1927,2185,1350,2,9,4,1,0,1,0,No
5378,484.4,6093,6185,1930,2863,1820,2,6,3,1,1,1,0,No
4460,606.1,7624,12029,1940,5068,2874,2,8,4,1,1,1,1,No
2115,429.7,5405,5768,1920,3401,2110,2,8,3,1,1,1,1,No
3738,339.6,4272,3185,1940,2714,1758,2,7,4,1,1,1,0,No
4968,471.6,5932,8652,1935,3212,2072,2,7,3,1,1,1,1,Recent
112,327.5,4119,5968,1910,3216,1839,2,7,3,1,1,1,0,No
2064,384.4,4835,5692,1932,2915,1596,2,7,3,1,1,1,1,No
4324,364.4,4584,5032,1950,1825,1225,2,7,3,1,1,1,1,Old
4180,1009.9,12704,13300,2010,7624,4133,2,9,4,3,1,1,2,No
774,270.7,3405,4165,1960,2384,1306,1.5,6,3,1,0,1,1,No
4538,432.5,5440,4992,1956,2520,1834,1,5,3,1,0,1,1,Recent
2810,598.1,7524,12927,1920,3303,1818,2,8,4,1,1,1,0,No
2369,354.7,4462,5385,1925,2878,1248,1,6,2,1,0,1,1,No
3327,489.7,6160,9062,1910,3541,2665,2,8,3,2,0,1,0,Old
4569,478.5,6019,5000,1953,3072,1980,2,8,4,2,0,1,1,Recent
5665,368.1,4630,4423,1925,2486,1404,2,7,3,1,1,1,0,No
1817,338.3,4255,3360,1970,2528,1536,2,7,4,1,1,1,1,No
2684,470.2,5915,10500,1955,3758,1781,1.5,6,3,2,0,1,1,No
4652,345,4340,3224,1963,2213,1274,2,6,3,1,1,1,1,No
4205,389.9,4904,5712,1940,2564,1499,2,8,3,1,1,1,1,No
4431,484.5,6095,8474,1940,2844,1558,2,7,3,1,1,1,1,No
5016,378.2,4757,5985,1958,2344,1112,1,5,2,1,1,1,1,No
1888,340,4277,5000,1950,2294,1275,2,6,3,1,1,1,1,No
323,558.8,7029,8317,2005,4133,2605,2,8,4,2,1,1,1,No
1596,278.5,3503,4046,1961,2480,1120,1,5,2,1,0,1,1,No
5136,482.2,6066,7005,1920,3522,2096,2,10,5,2,1,1,1,No
898,306.3,3853,6710,1960,2232,1044,1,6,2,1,0,1,1,No
4398,396.7,4990,5055,1930,2779,1704,2,7,4,1,1,1,1,No
4377,669.5,8422,13850,1910,6016,3470,2,11,5,2,1,1,1,No
2087,514.7,6474,9006,1940,3560,2210,2,6,3,1,1,1,1,No
1560,233.6,2938,3600,1932,1904,864,1,5,2,1,0,1,0,Recent
3775,387.7,4877,3926,1940,3396,2014,2,8,3,1,1,1,1,Recent
109,302.3,3802,4200,1930,2272,1352,2,8,3,1,0,1,1,Recent
2579,220.9,2778,3000,1940,1812,840,1,5,2,1,0,1,0,No
882,313.2,3940,3724,1945,2796,1576,1.5,6,3,1,1,1,1,No
3505,351.2,4418,5725,1930,2584,1428,1.5,6,3,1,0,1,0,No
1097,277.7,3493,5365,1950,1505,1294,1,7,4,1,0,1,0,No
4959,423.8,5331,7124,1936,2852,1578,2,7,3,1,1,1,1,Recent
363,256.4,3225,2410,1950,2535,1632,2,7,3,2,0,1,0,No
4545,546.6,6876,8400,1895,4411,2190,2,7,4,1,1,1,1,Old
5082,406.5,5113,7036,1945,2518,1449,2,7,3,1,1,1,1,Old
3720,299.9,3772,4645,1960,2640,1165,1,6,3,1,1,1,2,No
1194,226.4,2848,2965,1925,2000,1002,1,5,2,1,0,1,0,No
3097,397.4,4999,5469,1925,2145,1352,2,8,2,1,1,1,1,Recent
4934,378.7,4764,5454,1920,2695,1608,2,7,3,1,1,1,1,No
4871,415.1,5221,5296,1940,2673,1394,1.5,8,3,1,1,1,1,Recent
5658,465.9,5861,5180,1950,2826,1674,2,8,3,1,1,1,1,Old
511,314.1,3951,10641,1965,2136,1008,1,6,3,1,1,2,0,No
701,318.3,4004,4632,1950,2886,1346,1,6,4,1,0,1,0,No
2796,626.7,7883,10500,1920,5883,3046,2,9,3,1,1,1,1,No
5064,426.5,5365,8470,1950,2830,1271,1,5,3,1,1,1,1,No
4412,364.9,4590,5000,1925,2260,1389,2,7,4,1,1,1,0,No
750,283.8,3570,4238,1960,2340,1306,1.5,5,2,2,0,1,1,No
3324,334.5,4208,6500,1953,2250,1275,1.5,6,3,2,0,1,1,Old
1256,425.3,5350,6303,1989,2820,1800,2,7,3,2,1,1,0,No
4774,377.3,4746,6145,1950,3244,1142,1,6,3,2,0,1,0,No
3538,346.4,4357,4307,1929,2076,1352,2,6,2,1,0,1,0,Old
1336,406.1,5108,5343,1917,2978,1756,2,7,4,1,1,1,1,Recent
507,329.9,4150,8858,1960,2436,1726,1,7,3,1,1,1,2,No
5748,429.3,5400,6989,1953,3428,1700,1,7,3,1,1,1,1,No
1989,422.6,5316,6312,1935,2844,1680,2,7,4,1,1,1,1,No
971,264.2,3323,4020,1965,1844,1152,2,6,2,1,1,1,0,No
4284,386.8,4865,6154,1950,2352,1327,2,6,3,1,1,1,1,No
1850,441.4,5552,6303,1935,3293,1936,2,8,3,1,1,1,1,Recent
1993,344.6,4335,5781,1910,2422,1251,1.5,7,3,1,1,1,1,No
942,374.8,4714,11425,1945,3130,1180,1,6,2,1,1,1,2,Old
1242,265.2,3336,5164,1950,1808,864,1,5,2,1,0,1,1,No
945,259.3,3261,3175,1955,2684,1183,1,5,2,1,0,1,1,No
239,314.3,3953,7109,1960,2239,1380,2,8,3,1,1,1,0,No
4280,507.6,6385,7155,1923,4698,2227,1,8,4,2,0,1,1,No
4154,533.7,6713,9116,1952,3330,2084,2,7,3,2,0,1,1,Recent
211,279.6,3517,6026,1960,2376,1487,1,9,3,1,1,1,0,No
5698,356,4478,5000,1924,2343,1296,2,6,2,1,1,1,1,No
2666,460,5786,9379,1963,2320,1470,2,8,3,2,1,1,1,Recent
4240,316.9,3986,5304,1930,2706,1479,1.5,7,3,1,0,1,0,No
1532,298.3,3752,4400,1956,2339,960,1,5,3,1,0,1,0,No
4054,554.9,6980,10663,1910,5212,2885,2,10,4,2,1,1,0,Recent
2484,398.6,5014,5024,1930,2506,1576,2,7,3,1,1,1,0,No
4983,507.2,6380,7667,1964,3111,2389,1,7,3,1,2,1,1,No
3148,341.8,4299,6531,1953,2700,1260,1,6,3,1,1,1,1,No
3487,302,3799,7005,1955,2356,1108,1,5,2,1,0,1,1,Old
3844,291.8,3670,4000,1965,2096,1032,1,6,4,2,0,1,0,No
4881,408.8,5142,6535,1935,2748,1544,2,7,3,1,0,1,1,No
5301,387.9,4879,5823,1953,2567,1479,2,6,3,1,1,1,1,No
303,563.1,7083,9021,2005,4065,2605,2,8,4,2,1,1,1,No
3321,381.5,4799,4030,1920,3250,1872,2,6,3,2,0,1,1,Old
2903,454.5,5717,10405,1900,3684,1956,2,8,3,1,1,1,1,No
3969,386.5,4862,4000,1933,2328,1384,2,7,3,1,1,1,1,Recent
822,434.8,5469,8951,1964,3431,2655,1,8,3,2,0,1,2,No
610,231.1,2907,5657,1972,2160,1080,1,5,3,1,0,1,1,No
5651,376,4730,4000,1935,2502,1419,1.5,5,2,1,1,1,1,Recent
242,286.9,3609,6044,1957,2634,1469,1.5,5,2,1,0,1,0,No
3612,343.7,4323,6049,1953,2877,1373,1.5,6,3,1,1,1,1,Old
5460,376.6,4737,4761,1933,2772,1816,2.5,7,3,1,1,1,1,Old
3939,390.9,4917,5371,1927,2986,1664,2,6,3,1,1,1,1,No
3567,323.6,4070,4637,1920,3144,1400,1,7,4,1,0,1,0,No
345,576,7246,6864,2005,5122,3108,2,8,4,2,1,1,1,No
2716,403.3,5073,3078,1940,3654,2145,2,8,4,1,1,1,0,Recent
5198,437.1,5498,3839,1933,2922,1330,1,7,3,2,0,1,1,Recent
5000,308.2,3877,3694,1925,1690,1008,2,5,2,1,0,1,0,No
3204,337.5,4245,5687,1893,2550,1224,1.5,7,3,1,0,1,0,No
4656,388,4881,7218,1950,2690,1395,2,7,3,1,1,1,1,No
1772,273.4,3439,4307,1947,2044,1152,2,6,3,1,0,1,1,No
3711,322.5,4057,4932,1940,2484,1075,1,6,3,1,1,1,0,Recent
3265,385.6,4850,6000,1960,2214,1470,2,8,4,1,1,1,1,No
4908,416.5,5239,6380,1925,2796,1716,2,8,4,1,1,1,1,No
3532,289.5,3641,5000,1930,2206,995,1,5,2,1,0,1,0,No
311,177.4,2231,3624,1910,821,600,1,5,2,1,0,1,0,No
939,424.5,5340,8021,1960,2624,1434,1.5,7,4,1,1,1,1,No
5087,445.9,5609,6251,1955,3418,2013,2,7,3,2,0,1,1,No
1669,346.9,4364,5388,1967,2240,1284,1.5,7,4,1,1,1,0,No
192,412.4,5187,6000,1993,2991,1680,2,6,3,1,1,1,1,No
3107,510.2,6418,6480,1920,3119,1729,2,7,3,1,1,1,0,Recent
1691,316,3975,8418,1910,2001,1019,1.5,6,3,1,0,1,0,No
507,329.9,4150,8858,1960,2436,1726,1,7,3,1,1,1,2,No
1720,423.5,5327,6710,1965,3020,1778,2,7,3,2,1,1,1,No
311,177.4,2231,3624,1910,821,600,1,5,2,1,0,1,0,No
2871,480.4,6043,5201,1920,3544,1920,2,7,4,1,1,1,1,No
5471,538.3,6771,6349,1930,4002,2084,2,8,4,2,1,1,1,Recent
2880,330.5,4157,6163,1950,2520,1260,1,6,2,1,0,1,1,No
738,322.2,4053,4151,1957,2988,1344,1,7,5,1,1,1,1,Old
2468,457.1,5750,6459,1936,2392,1214,1.5,7,3,2,0,1,1,Recent
1747,325.3,4092,3310,1960,2328,1536,2,7,4,1,1,1,1,No
3382,499.3,6281,6871,1955,3776,2215,2,8,4,2,1,1,1,No
5060,321,4038,3500,1920,2378,1408,2,7,4,1,0,1,1,No
1579,496.1,6240,9858,1952,4612,2038,1,12,5,3,0,2,2,No
4845,672.6,8461,14282,1880,5062,2822,2,11,5,1,2,1,2,No
5734,397.9,5005,5000,1935,2247,1230,2,6,3,2,0,1,1,Old
788,291.3,3664,3931,1960,2593,1403,1.5,6,2,1,0,1,1,No
5792,564,7095,5000,1950,4108,2421,2,7,4,1,2,1,1,Recent
528,280.3,3526,2845,1920,3100,1761,1.5,8,5,2,0,1,0,Recent
403,317.8,3997,6197,1963,2294,2059,1,6,3,1,0,1,1,No
1786,535.8,6740,6835,1920,2599,1465,2,6,3,2,1,1,0,Recent
1027,227.3,2859,4545,1961,1800,900,1,5,3,1,0,1,0,No
69,365.1,4592,5058,1910,3362,1763,2,8,4,2,0,1,0,Recent
2883,304.4,3829,3662,1940,2400,1400,2,7,3,1,0,1,0,No
3774,530.8,6677,8153,1902,4979,2854,2,9,5,2,0,1,2,Recent
437,288.2,3625,4159,1960,2356,1306,1.5,6,2,1,0,1,1,No
661,310.3,3903,6111,1959,2148,1726,1,8,4,1,1,2,0,No
1109,356.3,4482,4900,1950,2660,1798,2,7,4,1,1,1,0,Old
2357,432.1,5435,8023,1947,2615,1434,2,7,3,1,1,1,1,No
4926,359.9,4527,6143,1940,2629,1188,1,6,3,1,1,1,1,No
5161,422.2,5311,8350,1954,2666,1841,1,5,3,1,0,1,0,No
4946,401.7,5053,8545,1925,2864,1476,2,6,3,1,0,1,0,No
1255,512.8,6451,11382,1990,3840,2160,2,7,3,2,1,1,0,No
1719,316.2,3977,8423,1890,2204,1085,1.5,6,3,1,1,1,0,No
2626,362.5,4560,5500,1932,2630,1556,2,7,3,1,1,1,1,No
3307,432.7,5443,10250,1885,2847,1764,2,6,3,1,0,1,0,No
4973,370.5,4660,6000,1925,2509,1520,2,6,3,1,1,1,1,No
1985,457.4,5754,8431,1950,5416,2407,1,6,2,2,0,1,0,No
5178,349,4390,4825,1930,2136,1242,2,6,3,1,0,1,0,No
1196,318.4,4005,4630,1935,2314,1409,2,7,3,1,0,1,1,No
3391,542.3,6822,5720,1900,5022,2654,2,10,4,1,2,1,1,No
3348,343.1,4316,5941,1955,2084,1372,2,6,3,1,1,1,0,No
1364,273.6,3441,4888,1960,2430,1075,1,5,4,1,1,1,0,No
2058,396.4,4986,5750,1920,3498,1827,1.5,6,4,2,0,1,0,Recent
4122,325.6,4096,4800,1928,2116,1303,2,6,3,1,1,1,0,No
148,335.3,4218,6400,1974,3404,2612,1,7,4,1,1,1,1,Old
4875,409.9,5156,6930,1940,2704,1608,2,6,3,1,1,1,1,No
5407,354.2,4455,7040,1950,2800,1260,1,5,2,1,0,1,1,No
5183,396.6,4989,7077,1930,2610,1590,2,6,3,1,0,1,1,No
2304,419.1,5272,7500,1932,2500,1560,2,6,3,1,1,1,1,No
1309,276.2,3474,4464,1950,1776,888,1,4,2,1,0,1,1,No
3493,438.1,5511,10800,1900,3211,1560,2,6,3,1,1,1,1,No
3914,275.3,3463,4000,1950,2521,1111,1,5,2,1,0,1,0,No
899,349.4,4395,5049,1956,2504,1506,1.5,6,3,1,0,1,1,No
216,182.7,2298,1616,1920,1439,856,2,5,2,1,0,1,0,No
101,301.4,3791,6444,1940,2886,1474,1.5,6,3,1,1,1,1,No
4797,407,5120,6287,1925,3370,1968,2,8,4,2,0,1,1,No
5641,325.2,4091,5128,1938,1780,1112,2,6,2,1,1,1,1,No
2740,480,6038,4829,1950,2631,1716,2,9,3,2,1,1,1,Recent
1373,304.3,3828,3710,1930,1873,1144,2,8,4,1,0,1,0,No
3550,343.4,4319,5000,1956,2396,1306,1.5,7,3,1,1,1,1,No
2130,413,5195,5974,1920,2664,1664,2,8,3,1,1,1,1,No
3637,396.9,4993,5082,1900,3476,2000,2,7,4,1,1,1,0,Recent
1288,285.3,3589,3856,1920,2112,1232,2,7,3,1,0,1,1,No
2614,473.9,5961,7500,1907,4881,2652,2,7,4,1,1,1,2,No
4356,425.8,5356,7794,1925,3830,2029,2,8,4,1,1,1,0,Recent
2720,345.4,4345,4500,1950,2576,1346,1.5,6,2,2,0,1,1,Old
3279,402.3,5060,6500,1890,3940,2212,2,9,5,1,1,1,0,No
2647,468.2,5889,6120,1920,2921,2098,2,9,4,1,1,1,1,Recent
533,307.1,3863,7532,1960,2898,1726,1,6,2,2,0,1,0,No
1379,281.6,3542,3086,1925,2331,1142,1.5,7,3,1,0,1,0,Old
307,331.2,4166,13494,1950,2340,1306,1.5,6,3,2,0,1,1,No
373,406.9,5118,6756,1996,2604,1680,2,7,3,2,0,1,1,No
4359,387.4,4873,6030,1965,2395,1915,1,5,3,1,0,1,1,No
4925,403.9,5081,5500,1930,3221,1880,2,7,3,1,1,1,1,No
2301,461.1,5800,5764,1920,2417,1392,2,9,4,1,1,1,1,No
2081,585.4,7364,18247,1900,5561,3160,2,10,7,3,0,1,2,No
4126,475.2,5978,7860,1920,3220,2187,2,8,4,2,1,1,2,Recent
2922,385.6,4850,5682,1930,4368,2039,1,9,4,2,0,1,0,No
3051,595.2,7487,9425,1900,4455,2838,2.5,10,6,2,1,1,1,Recent
4651,390.9,4917,6800,1968,2514,1961,1,8,4,1,1,1,2,No
5611,462.9,5823,6085,1955,3010,1974,2,8,4,2,1,1,1,Recent
785,328.9,4137,9834,1950,2598,1414,1.5,6,3,1,1,1,0,No
3430,332.7,4185,4903,1930,1826,1152,2,6,3,1,0,1,0,No
4514,559,7032,8400,1910,4592,2691,2,10,5,1,1,1,1,No
5789,472.1,5939,7650,1932,3894,2293,2,10,2,1,1,1,2,No
2716,403.3,5073,3078,1940,3654,2145,2,8,4,1,1,1,0,Recent
251,298.5,3755,6514,1960,2118,1380,2,8,3,1,1,1,0,No
3912,516,6491,5900,1913,4386,2475,2,9,4,1,1,1,1,No
1617,350.6,4410,5899,1956,2810,1650,2,7,3,2,0,1,1,Old
4087,444,5585,5150,1917,3297,2061,2,7,4,1,1,1,1,Old
5328,356,4478,4568,1930,2916,1333,1,8,4,1,1,1,0,No
936,317.3,3991,5395,1960,2794,1671,1,5,2,1,0,1,1,No
1213,303.5,3818,4572,1925,2572,1299,1.5,6,3,1,1,1,1,No
4868,332.5,4182,5090,1905,3360,1933,2,9,6,1,1,1,0,No
98,340,4277,5400,1940,2714,1376,1.5,6,3,1,0,1,1,Recent
4847,397.3,4998,5000,1920,2864,1752,2,8,3,1,1,1,0,No
829,302.3,3802,4513,1950,2276,1056,1,5,3,2,0,1,1,Recent
4649,512.3,6444,13654,1930,3319,1939,2,8,3,1,1,1,1,Old
1428,368.1,4630,4965,1960,2954,1571,1.5,6,3,2,0,1,1,Old
5185,354.3,4457,4000,1924,2986,1694,2,7,3,1,0,1,1,No
4439,416.2,5235,4440,1935,3074,1832,2,8,4,2,0,1,0,No
2695,426.9,5370,6500,1890,3558,2014,2,8,4,2,0,1,0,Old
515,395.2,4971,4203,2001,2336,1448,2,7,3,2,1,1,1,No
2150,554.5,6975,6772,2007,3783,2394,2,7,3,2,1,1,1,No
4628,529.4,6659,6783,1930,3071,1728,2,7,3,1,1,1,1,No
1656,359.9,4527,7796,1860,3085,1808,2,8,3,2,0,1,0,Old
4078,435,5472,6212,1935,3961,1870,1.5,6,4,2,0,1,1,Old
2862,332.4,4181,6375,1934,2130,1372,2,7,3,1,0,1,0,No
1371,384.3,4834,6000,1984,2918,1862,2,7,5,1,1,1,1,No
1153,433.8,5457,6000,1989,2580,1740,2,8,4,2,1,1,1,No
3849,331.2,4166,5540,1931,3030,1669,1.5,7,3,1,1,1,1,No
738,322.2,4053,4151,1957,2988,1344,1,7,5,1,1,1,1,Old
1043,252.5,3176,4000,1940,2006,970,1,5,2,1,0,1,0,No
457,338.3,4255,6406,1960,2066,1726,1,8,4,2,0,1,0,Recent
5411,499.6,6284,9025,1930,3103,1804,2,9,4,1,1,1,1,Old
69,365.1,4592,5058,1910,3362,1763,2,8,4,2,0,1,0,Recent
3726,521.8,6564,9840,1890,4827,2716,2,10,6,1,1,1,1,No
3416,573.4,7213,11200,1910,5344,2544,2,10,4,1,1,1,0,No
4745,258.1,3246,6308,1946,2102,1011,1,5,2,1,0,1,1,No
2343,460.8,5796,4950,1940,3120,1712,2,8,5,1,2,1,1,No
3741,706.3,8885,8180,1905,5587,2987,2,8,4,2,0,1,1,No
4907,522.7,6575,7125,1900,3472,1886,2,7,3,1,0,1,1,No
5553,604,7598,9784,1955,4557,2246,1.5,7,3,1,1,1,1,Recent
3242,321.3,4041,3609,1930,2232,1392,2,6,3,1,1,1,1,No
2101,454.1,5712,5665,1920,3810,2236,2,8,4,1,1,1,1,No
2623,739.7,9305,14475,1930,6733,3714,2,11,4,2,2,1,2,Recent
3748,272.1,3423,4845,1960,1976,988,1,5,3,1,0,1,2,No
2963,624.9,7861,11700,1900,3807,2220,2,7,3,1,1,1,1,Recent
1465,317.2,3990,5559,1960,2220,1377,2,6,3,1,1,1,1,No
5298,423.3,5325,5000,1920,2818,1558,2,7,3,1,1,1,1,Old
5764,398.9,5018,6650,1940,2726,1840,2,7,3,1,1,1,1,No
4972,598.8,7532,4750,1911,4737,2563,2,9,6,2,1,1,1,Recent
710,434.6,5467,9689,1983,3576,2685,1,10,6,2,2,2,0,Old
4019,546.4,6873,5303,1930,3789,2466,2,10,4,3,0,1,2,Recent
3845,460.5,5793,9500,1890,2776,1732,2,8,3,1,1,1,0,Old
2903,454.5,5717,10405,1900,3684,1956,2,8,3,1,1,1,1,No
5224,373.4,4697,5127,1934,3262,1490,1,7,3,2,0,1,0,No
552,322.3,4054,7999,1965,2016,1008,1,9,4,1,1,2,0,No
3685,522.4,6571,7991,1910,4260,2285,2,8,5,2,1,1,1,No
1193,338.9,4263,5000,1940,2700,1392,1.5,7,2,1,1,1,1,No
2729,522.2,6569,10500,1926,3611,2257,2,9,4,1,1,1,1,No
1332,466.9,5873,8720,1993,3216,1772,2,6,3,2,1,1,1,No
1229,277.8,3494,5368,1950,2400,1120,1,4,2,1,0,1,1,No
1180,261.7,3292,4226,1958,2114,1025,1,5,3,1,0,1,1,No
759,282.7,3556,4163,1956,2432,1123,1,7,3,1,0,1,1,No
5506,404.5,5088,5945,1950,2832,1491,2,7,2,1,1,1,1,No
1151,334.1,4202,4166,1935,3274,1902,2,9,4,1,0,1,1,No
1240,289.3,3639,4336,1945,2480,1109,1,7,2,1,0,1,1,No
2485,439.2,5525,5217,1917,4023,2278,2,7,4,1,0,1,1,No
2345,410.1,5159,4260,1930,2736,1680,2,7,3,1,1,1,1,No
363,256.4,3225,2410,1950,2535,1632,2,7,3,2,0,1,0,No
71,354.1,4454,4984,1940,2441,1464,2,7,3,1,1,1,1,Recent
4869,358.1,4504,5000,1920,2285,1520,2,8,3,1,0,1,1,No
4084,500.6,6297,7362,1969,3825,2565,2,6,4,2,1,1,1,No
5434,369.5,4648,4702,1925,2874,1310,1,6,2,1,0,1,1,Recent
5234,460.3,5790,4048,1920,3171,1954,2,9,4,1,1,1,0,No
4878,393.8,4954,5000,1940,2540,1456,2,6,3,1,1,1,0,Recent
1906,400.9,5043,6532,1863,2930,1593,1.5,7,3,1,1,1,0,Old
5488,333.5,4195,7482,1945,2520,1109,1,7,4,1,1,1,0,No
3448,413.4,5200,6271,1929,3144,1600,2,7,3,1,1,1,1,Old
4668,405.1,5096,6050,1935,2802,1698,2,9,4,1,1,1,1,Recent
2795,346.9,4364,3812,1931,2216,1352,2,8,3,1,1,1,1,Recent
3252,389.3,4897,6235,1932,2689,1584,2,7,3,1,0,1,1,No
5698,356,4478,5000,1924,2343,1296,2,6,2,1,1,1,1,No
5219,687.9,8653,9364,2004,4228,3022,2,8,3,2,1,1,1,No
4440,495.2,6229,8767,1920,3456,1846,2,8,3,1,1,1,1,Recent
5218,255.7,3216,3440,1910,1508,710,1,5,2,1,0,1,0,Old
1700,378,4755,6560,1960,2638,1294,1,8,4,1,1,1,1,No
369,320.8,4035,6000,1967,2425,1151,1,7,3,1,1,1,1,No
5042,408.7,5141,6000,1930,3054,1827,2,8,3,1,1,1,1,No
412,280.6,3529,4410,1959,1944,1404,1,6,3,1,1,1,0,No
5700,341.1,4291,6599,1950,2485,1015,1,7,3,2,0,1,0,No
1756,337.1,4240,6270,1875,2784,1619,2,9,6,1,1,1,0,No
5140,354.3,4457,4222,1936,2212,1347,2,7,3,1,1,1,1,Recent
1739,385.9,4854,7776,1900,3532,2098,2,9,5,1,1,1,3,No
3504,485.2,6103,6400,1939,3210,1968,2,9,4,1,1,1,1,No
3939,390.9,4917,5371,1927,2986,1664,2,6,3,1,1,1,1,No
1137,356.7,4487,6466,1950,2790,2021,1,6,3,2,0,1,0,No
1296,326.9,4112,4163,1961,3019,1586,1.5,7,3,1,1,1,0,No
5645,385.7,4852,5100,1940,2072,1208,2,9,3,1,1,1,1,No
5561,436.8,5494,5000,1934,2719,1554,2,7,3,2,1,1,1,Recent
2086,464.7,5845,9705,1920,2835,1748,2,8,3,1,1,1,1,Recent
3837,380.9,4791,4440,1924,3100,1856,2,7,4,1,1,1,0,No
1444,270.6,3404,4550,1950,2374,1075,1,6,3,1,0,1,1,No
5249,352.6,4435,5000,1930,2608,1584,2,8,3,1,0,1,1,No
5585,378,4755,4658,1920,2331,1440,2,7,3,1,1,1,1,No
3967,537.8,6765,6055,1901,5149,2939,2,9,5,3,1,1,2,Old
4912,341.5,4296,5915,1935,2738,1842,2,7,3,1,1,1,1,No
5093,568.7,7154,4775,1914,4350,2754,2.5,10,5,3,1,1,1,Recent
5699,429.9,5408,11010,1955,3908,1529,1,9,4,2,0,1,1,No
5042,408.7,5141,6000,1930,3054,1827,2,8,3,1,1,1,1,No
3972,305,3836,6890,1940,1874,912,1,5,2,1,0,1,1,No
1865,304.9,3835,4275,1926,2342,1095,1,6,2,1,0,1,0,No
2636,398,5006,4700,1900,2432,1501,2,8,3,1,0,1,1,No
3050,486.9,6125,6700,1870,4906,2774,2,9,4,2,1,1,1,No
3101,302.9,3810,3500,1930,2020,1284,2,7,3,1,1,1,0,No
3700,391.4,4923,3852,1931,2897,1855,2,9,3,1,1,1,1,Recent
5751,328.4,4131,6500,1953,2344,1096,1,6,2,1,1,1,1,No
4641,627.8,7897,7063,1940,5157,3063,2,9,5,2,1,1,1,Recent
2664,383,4818,3668,1925,2672,1542,2,7,3,1,1,1,0,No
5734,397.9,5005,5000,1935,2247,1230,2,6,3,2,0,1,1,Old
4551,351.6,4423,6345,1941,1926,1128,2,6,3,1,0,1,1,No
1989,422.6,5316,6312,1935,2844,1680,2,7,4,1,1,1,1,No
366,340.7,4286,5941,1962,2712,1469,1.5,7,3,2,0,1,0,Recent
2906,413.9,5206,7875,1890,4203,2408,2,8,4,2,0,1,0,No
4082,698,8780,10720,1910,4780,2571,2,9,4,1,1,1,1,No
1132,259.6,3265,5144,1915,2040,1079,1.5,6,2,1,0,1,0,No
4522,447.1,5624,3525,1940,3130,1632,1.5,6,3,2,0,1,1,Recent
5470,462.7,5820,5000,1920,3029,1672,2,8,3,2,1,1,1,Recent
3156,463.4,5829,7672,1915,2880,1750,2,8,3,1,1,1,1,No
1065,365,4591,4000,1960,3021,1943,2,6,3,1,1,1,1,Old
1598,351.8,4425,6600,1950,2786,1109,1,6,4,1,0,1,1,No
36,336.5,4233,6842,1910,2269,1393,2,6,3,2,0,1,0,No
5074,375.6,4725,5250,1940,2120,1288,2,6,3,1,1,1,1,Old
3947,519.6,6536,8450,1920,3566,2232,2,6,3,1,1,1,1,Old
1193,338.9,4263,5000,1940,2700,1392,1.5,7,2,1,1,1,1,No
2870,313,3937,4534,1930,2250,900,1,5,2,1,0,1,0,No
4361,344.8,4337,5000,1930,2216,1432,2,7,3,1,1,1,1,No
1563,284.6,3580,4818,1950,2243,998,1,6,2,1,0,1,1,No
1933,317.4,3992,6867,1950,2568,1142,1,6,2,1,1,1,0,No
4363,468.8,5897,10000,1919,3619,2288,2,8,4,1,1,1,1,No
526,338.7,4260,8815,1965,2256,1726,1,7,3,2,0,2,0,No
5293,312.8,3935,4905,1930,2352,1161,1.5,6,3,1,1,1,1,No
164,297.1,3737,6000,1971,2456,1997,1,7,3,1,1,1,0,No
3815,500.3,6293,8800,1889,3574,2154,2,8,4,1,1,1,1,Recent
5062,384.2,4833,5500,1928,2325,1380,2,7,3,1,0,1,1,No
5785,391.2,4921,4455,1935,2331,1439,2,7,3,1,1,1,1,No
3055,437,5497,5097,1910,4142,2337,2,9,4,2,1,1,1,No
5770,407.5,5126,3717,1935,3099,1465,1,6,3,2,0,1,1,Recent
3193,332.5,4182,4500,1930,1994,1061,1.5,8,2,1,1,1,1,No
704,325.7,4097,5113,1960,2386,1056,1,6,2,2,0,1,1,No
2400,559.2,7034,9013,1900,4764,2650,2,10,6,2,1,1,3,No
440,329.7,4147,19466,1940,2563,1075,1,7,3,1,1,1,1,No
3320,511.7,6437,9401,1906,5232,2749,2,10,4,1,1,1,1,No
4401,328.8,4136,4400,1925,2752,1142,1,5,2,1,0,1,0,No
3079,387.7,4877,6251,1986,2040,1296,2,5,3,1,1,1,1,No
4853,501.5,6308,6257,1938,3473,2020,2,8,3,2,1,1,1,Recent
870,249.2,3134,4100,1956,2454,1092,1,5,2,1,1,1,1,No
3727,297.2,3738,3200,1920,3254,1383,1,5,3,1,0,1,0,No
3657,334.2,4204,7100,1920,2048,1306,2,6,3,1,1,1,1,No
312,298.1,3750,6000,1960,2212,1692,1,7,3,1,1,1,0,No
1938,434.8,5469,6122,1935,3352,1974,2,9,4,1,1,1,1,Recent
3501,559.9,7043,5483,1915,5595,3074,2,8,4,2,0,1,1,No
3751,334.1,4202,5140,1915,3074,1383,1,5,2,1,0,1,0,No
1703,285.1,3586,3549,1962,2584,1387,1.5,6,3,1,0,1,1,Old
2809,661.8,8325,11200,1920,4562,2808,2,9,5,4,0,1,0,Recent
1734,383,4818,4824,1970,2594,1580,2,7,4,1,1,1,1,No
373,406.9,5118,6756,1996,2604,1680,2,7,3,2,0,1,1,No
2517,384,4830,5843,1935,2593,1572,2,7,3,1,1,1,0,No
1416,298.5,3755,3200,1930,2102,1303,2,7,3,1,1,1,0,Recent
144,434.3,5463,13267,1960,3813,1931,1.5,6,2,1,1,1,1,Recent
3637,396.9,4993,5082,1900,3476,2000,2,7,4,1,1,1,0,Recent
3102,316.8,3985,5497,1925,2283,1032,1,7,3,1,0,1,1,No
2337,443.3,5576,8250,1929,3146,1828,2,7,3,1,1,1,0,No
2403,487.8,6136,6459,1928,2979,1776,2,7,3,1,1,1,1,Old
1776,500,6290,6031,2003,3421,2135,2,8,4,2,1,1,1,No
3719,730.9,9194,22956,1900,4500,2909,2.5,11,6,3,1,1,0,Recent
302,204.9,2577,4200,1920,2296,990,1,5,3,1,0,1,1,No
2735,481.1,6052,10000,1875,2905,1900,2,8,2,2,1,1,0,Recent
17,313.1,3938,6949,1880,2612,1438,1.5,7,3,1,1,1,0,Old
4565,351.9,4426,6278,1965,2804,1260,1,6,2,1,1,1,1,No
479,311.2,3914,9551,1943,2508,1306,1.5,6,2,1,1,1,1,Old
903,371.2,4669,5563,1988,2686,1736,2,6,4,2,1,1,1,No
278,246.4,3099,3780,1950,2412,1008,1,6,2,2,0,1,1,No
839,318.5,4006,5295,1960,2304,1488,2,7,3,1,1,1,1,No
4157,398.5,5013,4857,1963,3113,1832,1.5,7,4,2,0,1,1,Recent
1108,552.8,6954,6000,2007,4562,2543,2,8,4,2,2,1,1,No
623,283.8,3570,3803,1950,2434,1063,1,6,4,2,0,2,0,Old
1233,304.1,3825,4480,1960,2507,1313,1.5,6,3,2,0,1,1,No
865,330,4151,5763,1910,3046,1616,2,7,3,1,1,1,0,No
302,204.9,2577,4200,1920,2296,990,1,5,3,1,0,1,1,No
4744,394.2,4959,6420,1935,2894,1816,2,7,3,1,1,1,1,No
4219,349,4390,6000,1914,2784,1624,2,7,4,1,0,1,1,No
5421,312.7,3933,4366,1943,2252,1015,1,5,2,1,1,1,1,No
1606,325.1,4089,7220,1935,1992,840,1,5,2,1,0,1,0,Old
1241,367.7,4625,7661,1920,1866,752,1,7,3,1,0,1,0,Recent
2880,330.5,4157,6163,1950,2520,1260,1,6,2,1,0,1,1,No
4539,381.3,4796,6075,1890,2459,1468,2,8,4,1,1,1,2,Old
5767,444.6,5593,5000,1950,2452,1430,2,7,3,2,0,1,2,Recent
2840,422.1,5310,2466,1947,3631,1712,1,7,2,1,1,1,1,Old
2766,498.7,6273,11905,1910,3030,1817,2,7,3,1,0,1,0,No
5261,286.6,3605,5095,1927,1966,936,1,5,1,1,0,1,1,No
487,280.7,3531,6077,1965,2097,1726,1,6,3,1,1,1,0,No
1248,338.5,4258,5986,1953,3360,1565,1,7,4,1,0,1,1,No
5586,348,4377,5632,1955,1936,1248,2,6,3,1,1,1,1,No
3666,564.7,7103,6905,1910,3791,2175,2,7,4,1,1,1,1,No
2668,449.7,5657,10500,1960,2663,1427,2,6,3,1,1,1,1,No
637,488.2,6141,18515,1989,4449,2511,2,9,3,3,0,1,2,No
1717,550.6,6926,6778,1974,4569,3957,2,9,5,3,1,1,3,No
4393,373.5,4698,5800,1925,2787,1549,2,7,3,1,0,1,1,No
2271,389.3,4897,7965,1930,2368,1360,2,7,3,1,0,1,0,No
4159,321,4038,4794,1954,2361,1261,1.5,6,2,1,1,1,0,No
2995,721.6,9077,5505,1900,5806,3626,2,14,7,3,1,1,2,Recent
1608,621.6,7819,8106,2001,2946,2788,2,11,3,3,1,1,1,No
2868,314.9,3961,5714,1984,1750,1078,2,5,3,1,1,1,0,No
3315,360.2,4531,5728,1960,2160,1850,1,5,2,1,0,1,0,No
1919,295.9,3722,5695,1953,2232,1265,1.5,6,3,2,0,1,1,No
1954,413.2,5198,5101,1920,2156,1448,2,6,3,1,1,1,1,Recent
3090,290.2,3650,3800,1920,2044,912,1,6,3,2,0,1,0,No
2780,301.1,3787,5223,1912,2044,1212,2,5,2,1,0,1,0,No
1277,296.7,3732,7088,1955,1656,828,1,4,2,1,0,1,1,No
2945,618.4,7779,10167,1910,4928,2821,2,9,5,2,1,1,1,Recent
2791,778.2,9789,15900,1925,5642,3404,2.5,9,3,3,0,1,3,Recent
5181,399.9,5030,5500,1920,2846,1716,2,8,3,1,1,1,1,No
4221,317.3,3991,4280,1956,2104,988,1,5,3,1,0,1,1,No
1682,359.1,4517,6600,1931,3192,1446,1,7,3,1,0,1,0,Old
4463,364.6,4586,4133,1950,2558,1460,2,6,3,1,1,1,1,Old
4637,483.7,6084,9840,1949,4214,2106,1.5,7,4,2,0,1,2,No
210,272.4,3426,4416,1925,2413,1083,1,8,3,1,1,1,1,No
4449,314.2,3952,4728,1939,2244,1352,2,6,3,1,1,1,0,No
5274,294.7,3707,10551,1945,1092,999,1,4,1,1,0,1,1,No
1536,354.8,4463,5063,1966,2549,1306,1.5,7,3,2,0,1,0,No
3894,526.1,6618,5552,1920,4232,2442,2,10,4,1,1,1,1,No
3134,376.6,4737,5500,1929,2980,1842,2,7,4,1,1,1,0,No
4666,351.1,4416,4640,1956,2208,1378,2,7,3,1,0,1,1,No
3934,659.6,8297,9935,1926,3478,2292,2,9,5,3,1,1,1,No
5079,439.6,5530,5300,1920,3104,1848,2,8,3,1,1,1,1,No
2089,349.1,4391,6750,1960,2224,1377,2,6,3,1,1,1,0,No
3316,400.6,5039,6280,1950,2928,2507,1,8,3,1,1,1,0,No
2915,571.4,7188,6375,1887,3576,1946,2,7,5,2,1,1,1,No
2007,408.7,5141,5919,1900,3431,1990,2,8,3,2,0,1,0,Recent
5520,420.6,5291,8370,1955,2222,1462,2,7,3,1,1,1,1,No
4680,588,7397,6876,1931,4092,2527,2.5,7,3,2,1,1,1,Old
5067,413.2,5198,7833,1940,3012,1792,2,7,3,1,1,1,1,No
4618,468,5887,5510,1933,2596,1594,2,6,3,2,1,1,1,Recent
559,284.6,3580,6071,1960,2136,1487,1,6,2,1,0,1,2,No
3794,407.4,5125,4830,1915,2970,2066,1.5,10,4,2,0,1,0,No
550,314.3,3953,4162,1950,2556,1354,1.5,6,3,2,0,1,1,No
3552,268.3,3375,4000,1962,1392,660,1,4,2,1,0,1,1,No
5548,363.2,4569,5000,1935,2260,1528,2,9,4,1,0,1,0,No
1918,397.8,5004,3906,1860,3830,2280,2,11,7,2,0,1,0,Old
4999,352.6,4435,4750,1910,3332,1771,1.5,7,3,1,0,1,1,No
2140,408.2,5135,5930,1880,3412,1850,2,9,4,1,1,1,1,Old
5564,343.3,4318,4258,1935,2472,1448,2,7,3,1,0,1,1,No
5255,344.5,4333,6647,1952,3037,1314,1,6,3,1,1,1,1,No
3016,384.2,4833,4019,1903,3757,2007,2,10,4,2,1,1,0,No
1807,324.7,4084,5500,1955,2716,1414,1.5,6,3,3,0,2,1,No
5217,276.6,3479,2126,1845,1719,958,1.5,7,3,1,0,1,0,No
290,282.1,3548,4603,1910,2531,1426,2,7,3,1,1,1,0,Old
932,271.8,3419,3480,1920,2208,1320,2,4,3,1,0,1,0,No
663,222.5,2799,2589,1920,1516,748,1.5,4,2,1,0,1,0,No
2835,359.8,4526,3850,1939,2355,1379,2,7,3,1,1,1,1,No
2363,391.3,4922,4002,1920,2604,1612,2,7,3,1,1,1,1,No
1612,313.4,3942,6036,1945,2244,1028,1,5,2,1,0,1,1,Old
2565,503.1,6329,12024,1870,4258,2445,1.5,9,5,1,2,1,0,No
682,272.1,3423,6408,1940,3544,1494,1,6,3,1,0,1,1,Old
4353,450.2,5663,5032,1930,4192,2583,2,9,4,1,1,1,1,No
5405,429.2,5399,8160,1925,3359,1544,1,7,4,1,1,1,1,No
3274,368.2,4631,7100,1909,2630,1466,2,8,3,1,1,1,0,Old
1094,351.2,4418,6180,1900,2598,1484,1.5,7,3,2,0,1,1,No
2648,419.04,5271,10875,1950,3314,1683,1.5,7,4,2,0,1,1,Old
4422,359.1,4517,5850,1954,2246,1378,2,6,3,1,1,1,1,No
3658,338.4,4257,5000,1948,2036,1175,2,6,3,1,0,1,1,No
2444,438.4,5515,6658,1932,3136,1688,2,7,3,1,1,1,1,No
3516,358.3,4507,6375,1955,2648,1142,1,6,3,2,0,1,1,No
140,278.7,3506,6400,1974,2161,1633,1,8,4,2,0,1,1,Old
4870,551.9,6942,7550,1880,3587,2286,2,6,3,1,0,1,1,Old
4200,701.8,8828,9716,1940,5140,3446,2,11,4,2,1,1,2,Recent
839,318.5,4006,5295,1960,2304,1488,2,7,3,1,1,1,1,No
5706,329,4138,5000,1930,2001,952,1.5,5,2,1,0,1,1,No
780,192.5,2421,4500,1920,1848,890,1,6,3,1,0,1,0,No
4706,371.1,4668,5500,1940,2056,1070,1.5,6,3,1,0,1,1,No
3657,334.2,4204,7100,1920,2048,1306,2,6,3,1,1,1,1,No
4038,365.6,4599,4800,1950,3164,1411,1,6,3,1,1,1,1,No
5085,492.4,6194,6567,1995,3011,1872,2,7,3,2,1,1,0,No
2431,366.7,4613,5364,1910,2207,1344,2,7,3,1,0,1,1,No
737,333.4,4194,6854,1928,2746,1688,2,8,3,1,0,1,1,Recent
1116,226.2,2845,4000,1915,1478,703,1,4,2,1,0,1,0,No
1355,376.2,4732,6692,1963,2412,1104,1,5,2,1,0,1,1,No
1513,280.1,3523,4013,1960,2372,1042,1,6,2,1,0,1,1,Old
2276,464.2,5839,7560,1925,2338,1508,2,9,4,1,0,1,1,No
2327,367.7,4625,4260,1930,2804,1680,2,7,4,1,1,1,0,No
5201,369.7,4650,6440,1940,3638,1602,1,6,2,1,0,1,1,No
2050,386,4855,5540,1935,2872,1732,2,7,3,1,1,1,1,No
1851,505.6,6360,7205,1954,4996,2375,1.5,11,6,3,0,2,0,No
3852,318.3,4004,4000,1957,2563,1142,1,6,2,1,1,1,1,No
1032,271.5,3415,3554,1927,2000,1037,1.5,5,2,1,0,1,0,Old
3880,293.7,3694,4850,1925,2772,1224,1,5,2,1,0,1,0,No
3485,354.3,4457,4988,1934,2089,1280,2,5,2,1,1,1,1,Recent
908,310.6,3907,4989,1955,2528,1306,1.5,6,3,2,0,1,1,No
823,546.5,6874,7000,2009,5884,3374,2,9,4,2,1,1,1,No
3449,304.4,3829,5546,1920,2718,1210,1,6,3,1,0,1,1,No
2405,514.2,6468,5278,1930,3426,2144,2,7,4,1,1,1,1,No
4906,352.2,4430,5250,1923,2847,1423,1.5,5,2,1,1,1,1,No
4019,546.4,6873,5303,1930,3789,2466,2,10,4,3,0,1,2,Recent
4441,426.3,5362,7190,1936,2874,1626,2,8,3,2,1,1,1,No
4369,393.7,4952,6032,1950,2514,1516,2,7,3,1,1,1,1,Recent
5366,351.8,4425,4500,1940,2436,1368,2,6,3,1,1,1,1,No
3002,387.8,4878,7500,1887,2796,1648,2,7,3,1,1,1,1,No
3300,441.4,5552,10168,1955,2876,1670,2,7,4,1,1,1,1,No
1293,534,6717,5852,2010,3976,2197,2,8,4,2,1,1,1,No
1747,325.3,4092,3310,1960,2328,1536,2,7,4,1,1,1,1,No
3828,317,3987,4000,1928,2393,1121,1.5,6,3,1,0,1,0,No
5298,423.3,5325,5000,1920,2818,1558,2,7,3,1,1,1,1,Old
1013,320.8,4035,6180,1960,2482,1211,1,8,3,1,1,1,2,No
3645,493.3,6205,7615,1959,2907,1659,2,9,3,2,1,1,1,No
822,434.8,5469,8951,1964,3431,2655,1,8,3,2,0,1,2,No
138,350.7,4411,9600,1950,4063,1636,1,9,3,2,0,2,0,No
1795,324.6,4083,3720,1875,2850,1708,2,6,3,1,1,1,1,No
4448,348.4,4382,5200,1956,2126,1378,2,6,3,1,1,1,1,No
2513,554.9,6980,20046,1886,5264,3002,2,8,5,2,1,1,2,No
5141,476.3,5991,5500,1925,2936,1836,2,8,4,1,1,1,1,Recent
2487,473.3,5954,6059,1954,2875,1530,2,9,3,2,1,1,1,No
405,275.9,3470,7548,1943,2552,1075,1,6,2,1,0,1,1,No
4459,444.7,5594,8250,1920,2430,1446,2,8,3,1,1,1,1,No
2960,439.1,5523,6250,1900,4213,2477,2,10,3,1,1,1,1,No
1507,283.3,3563,4059,1960,2609,1092,1,6,3,1,0,1,1,No
548,286.3,3601,5877,1964,2052,1726,1,5,3,2,0,1,0,No
103,281.3,3538,3960,1955,2590,1630,2,8,4,2,1,1,1,No
757,316.9,3986,12273,1984,2768,1596,2,7,3,1,1,1,1,Recent
2336,546.2,6871,3655,1898,3868,2352,2,7,3,3,0,1,0,Recent
772,192.4,2420,4237,1940,2667,1205,1,6,2,1,0,1,0,No
2733,392.2,4933,6250,1954,3588,1714,1.5,7,3,2,0,1,1,Old
4181,392.8,4941,8000,1925,2716,1452,1.5,8,4,1,1,1,1,No
983,338.8,4262,5850,1920,2322,1303,2,7,3,1,1,1,1,No
1092,307.3,3865,4200,1924,2300,1092,1,6,2,2,0,1,0,Recent
3854,487.4,6131,11000,1939,2742,1728,2,6,3,1,1,1,1,No
2314,362.3,4557,4500,1930,2501,1624,2,7,3,1,1,1,1,No
2424,433.1,5448,4847,1930,2420,1458,2,8,3,1,1,1,1,No
3344,438.7,5518,8800,1900,4184,2235,2,10,2,1,1,1,1,No
1048,277.6,3492,3586,1929,1984,944,1,5,2,1,0,1,0,No
5595,414.9,5219,5866,1941,2638,1562,2,7,3,1,1,1,1,No
3339,540,6793,8750,1940,3567,2342,2,11,3,2,1,1,1,No
1334,299.5,3767,3075,1955,1888,1200,2,6,3,1,1,1,1,Old
5039,384.3,4834,5520,1924,2743,1641,2,7,3,1,0,1,1,No
4450,274.7,3455,4800,1925,1804,902,1,4,2,1,0,1,0,No
5061,385.1,4844,4717,1925,2870,1663,2,7,4,1,1,1,0,No
4567,394.6,4964,7000,1925,2247,1344,2,6,3,1,0,1,1,No
1888,340,4277,5000,1950,2294,1275,2,6,3,1,1,1,1,No
1002,367.9,4628,8060,1953,2689,1469,1.5,6,3,1,1,1,1,Recent
2901,343,4314,3637,1940,2332,1464,2,7,3,1,1,1,0,No
1109,356.3,4482,4900,1950,2660,1798,2,7,4,1,1,1,0,Old
393,241.3,3035,4410,1961,1964,1404,1,7,3,1,1,1,0,No
3095,518.5,6522,10400,1910,3194,1874,2,8,3,1,1,1,2,No
5456,386.9,4867,4539,1938,2980,1618,2,10,4,1,1,1,1,No
4319,807,10152,15790,1848,5260,2890,2,11,5,3,1,1,2,Old
553,433.1,5448,6102,1994,2308,2135,1,6,3,1,1,1,1,No
3226,522.7,6575,6625,1896,5072,2832,2,9,5,1,1,1,1,Recent
2280,438.3,5513,4700,1920,2705,1590,2,8,4,1,1,1,1,No
4292,434.8,5469,4018,1930,3424,2029,2,12,4,1,1,1,1,No
501,295.7,3719,4220,1953,2392,1056,1,6,3,1,0,1,1,No
3238,351.8,4425,6235,1920,3354,1512,1,5,2,1,0,1,1,No
4908,416.5,5239,6380,1925,2796,1716,2,8,4,1,1,1,1,No
2510,416,5233,6028,1935,2777,1834,2,7,3,1,1,1,2,No
61,356.8,4488,5906,1967,2368,2051,1,8,4,1,1,1,2,No
2125,449.6,5655,4979,1933,3942,2213,2,8,4,1,1,1,0,No
3118,382.5,4811,5491,1903,2838,1764,2,7,4,1,0,1,1,No
2074,435.1,5473,6990,1925,2688,1688,2,8,4,1,1,1,1,No
428,340.1,4278,5712,1940,3336,2036,2,7,3,1,1,1,1,No
3129,578.9,7282,7938,1910,4042,2193,2,8,4,1,1,1,0,Recent
3686,458.6,5769,9600,1896,3356,2078,2,7,3,2,1,1,0,Old
4799,527.9,6640,6317,1936,4536,2466,2,10,3,2,0,1,3,No
3564,343.8,4325,5199,1920,2248,1412,2,7,3,1,1,1,1,No
385,327.2,4116,6042,1954,2840,1550,1.5,7,3,1,0,1,1,No
4525,639.6,8046,8849,1885,4521,2686,2,10,6,3,0,1,1,Recent
1452,438.9,5521,7400,1910,2900,1666,2,6,3,1,1,1,0,No
584,288,3623,3417,1960,2520,1306,1.5,6,3,1,1,1,1,No
3778,292,3673,5487,1956,2095,988,1,5,3,1,0,1,2,No
2816,445.6,5605,4875,1910,3020,2007,2,9,4,1,1,1,0,Recent
1595,366.9,4615,5656,1928,2342,1450,2,7,3,1,0,1,0,No
171,274.1,3448,6781,1956,2064,1000,1,5,2,1,0,1,1,No
4718,307.2,3864,4400,1959,2520,1123,1,6,3,1,0,1,1,No
4496,381.8,4803,5500,1920,2796,1800,2,6,3,1,0,1,0,No
2891,374.7,4713,3800,1920,2779,1585,2,8,3,1,0,1,0,No
5485,398.7,5015,7188,1953,2568,1440,2,7,3,1,2,1,1,No
78,404.2,5084,5488,1940,3780,1992,1.5,8,4,2,1,1,1,Recent
1378,730.3,9187,5818,2003,6180,3970,2.5,9,4,2,1,1,0,No
4037,511.9,6439,39000,1900,4606,2448,2,10,4,2,0,1,1,No
5328,356,4478,4568,1930,2916,1333,1,8,4,1,1,1,0,No
1634,322.1,4052,4875,1920,2409,1014,1,6,3,1,0,1,0,Old
2016,337,4239,6790,1926,4000,1330,1,6,2,1,0,1,0,Old
802,356.4,4483,6253,1980,2748,1991,1,6,3,1,0,1,1,No
1490,388.9,4892,4293,1920,2778,1422,1.5,6,2,1,2,1,0,Old
201,289.5,3641,4335,1965,2087,1326,2,7,3,1,1,1,1,Old
4035,393.2,4946,5757,1910,3728,2112,2,7,3,1,0,1,1,No
699,343.5,4321,14521,1966,2588,1487,1,7,3,2,0,1,1,No
3240,326.7,4109,3250,1932,2564,1285,1.5,8,2,1,1,1,1,No
2304,419.1,5272,7500,1932,2500,1560,2,6,3,1,1,1,1,No
945,259.3,3261,3175,1955,2684,1183,1,5,2,1,0,1,1,No
4418,454.6,5718,6297,1925,2952,1591,1.5,8,4,2,0,1,1,Recent
4606,376.7,4738,7159,1952,2601,1114,1,7,3,1,1,1,1,Recent
653,360.6,4536,4933,1993,2014,1704,1,7,3,2,0,1,0,No
862,377.3,4746,4861,1920,3836,2107,2,6,3,2,0,1,1,Old
1953,368.2,4631,5803,1920,2551,1624,2,8,4,1,1,1,0,No
4689,428,5384,4675,1929,2767,1778,2,7,3,1,0,1,1,No
1756,337.1,4240,6270,1875,2784,1619,2,9,6,1,1,1,0,No
1811,441.5,5554,4073,1989,2641,1688,2.5,6,3,2,0,1,0,No
5308,368.6,4636,5000,1935,3040,1700,1.5,5,2,1,1,1,1,No
3626,332.3,4180,5820,1910,2142,1392,2,7,3,1,0,1,0,Old
5484,364.9,4590,4760,1960,2352,1100,1,5,3,2,0,1,1,No
2961,322.3,4054,4794,1955,2647,1414,1.5,5,2,1,1,1,1,No
2178,404.1,5083,6654,1951,2804,1438,2,6,3,1,1,1,1,No
2492,583.1,7335,8800,1900,5221,2931,2,10,5,1,1,1,0,No
200,354.2,4455,6000,1926,2936,1650,2,8,3,2,0,1,0,No
5288,406.8,5117,5000,1936,3148,2088,2,11,3,1,0,1,1,Old
5534,460.7,5795,7218,1945,2638,1683,2,8,4,2,1,1,0,Recent
4404,404.4,5087,8250,1910,3076,1874,2,10,4,1,1,1,0,No
2916,349.5,4396,4779,1955,2680,1414,1.5,6,3,1,1,1,1,No
5577,402.7,5065,5372,1960,3404,1678,1,8,3,2,1,1,2,No
4015,313.5,3943,4500,1930,2102,1350,2,6,2,1,0,1,1,No
4948,419.6,5278,6000,1929,2786,1778,2,7,3,1,1,1,1,Old
3877,605.2,7613,7414,1920,4601,2484,2,9,5,2,1,1,1,Old
159,272.9,3433,2800,1920,2663,1430,2,6,3,1,1,1,0,No
52,314.3,3953,7193,1900,2740,1508,2,7,3,1,0,1,0,No
4447,612.6,7706,6150,2001,3667,2726,2,10,4,2,2,1,1,No
1227,309.8,3897,4946,1950,2495,1403,1.5,6,3,2,0,1,1,No
2452,363.8,4576,5481,1930,3022,1450,2,7,3,1,1,1,1,No
5096,587.2,7386,9042,1995,3236,1976,2,7,3,2,2,1,1,No
4840,439.5,5528,8027,1957,2410,1266,1,7,3,1,1,1,1,No
204,283.5,3566,4824,1916,1795,933,1.5,7,3,2,0,1,0,No
668,444.6,5593,4851,2000,2957,1680,2,5,3,2,0,1,0,No
4263,440.1,5536,10342,1925,2488,1590,2,7,3,1,1,1,1,No
98,340,4277,5400,1940,2714,1376,1.5,6,3,1,0,1,1,Recent
1159,291.1,3662,4160,1950,2720,1498,1.5,6,2,1,1,1,1,No
818,245.5,3088,4500,1908,2054,1444,2,7,3,1,0,1,0,No
2147,370.8,4664,5246,1931,2754,1544,2,7,3,1,0,1,1,No
1048,277.6,3492,3586,1929,1984,944,1,5,2,1,0,1,0,No
1015,245.8,3092,3266,1935,1216,576,1,5,2,1,0,1,0,No
1941,339.3,4268,4275,1920,2184,1288,2,6,3,1,1,1,1,No
4785,478.4,6018,5631,1940,3376,1740,1.5,7,3,2,1,1,1,Recent
2698,354,4453,5000,1920,2520,1440,2,7,4,1,1,1,1,Recent
824,314.7,3958,3450,1970,2404,1484,2,7,3,1,1,1,0,No
1595,366.9,4615,5656,1928,2342,1450,2,7,3,1,0,1,0,No
3532,289.5,3641,5000,1930,2206,995,1,5,2,1,0,1,0,No
4781,379.9,4779,5254,1950,2852,1306,1.5,7,4,1,1,1,1,No
2389,410.8,5167,4298,1904,3716,2059,2,7,2,2,0,1,1,No
3378,541.7,6814,14513,1910,3475,2084,2,7,3,1,0,1,0,No
3325,345.6,4347,5100,1915,1799,1120,2,6,3,1,0,1,1,Recent
1268,458.4,5766,9100,1900,3009,1780,2,7,3,2,1,1,0,Recent
2102,457.7,5757,9006,1930,2770,1666,2,7,4,1,1,1,1,No
3113,453.1,5700,10119,1880,3437,1900,2,9,5,1,0,1,0,No
4583,520.9,6552,8297,1880,3716,2344,2,7,4,1,0,1,1,No
53,405.5,5101,3867,1996,2431,1560,2,7,3,2,1,1,1,No
5674,511.4,6433,6210,1938,3552,2316,2,6,3,2,1,1,1,Recent
2171,422.2,5311,6777,1890,3535,2053,2.5,7,3,1,1,1,1,No
698,246.3,3098,9282,1920,2065,1122,2,6,3,2,0,1,0,No
4699,362.4,4558,4317,1920,2264,1440,2,7,3,1,0,1,1,Old
2213,276.4,3477,2544,1900,2303,1532,2,7,3,1,0,1,0,Recent
4847,397.3,4998,5000,1920,2864,1752,2,8,3,1,1,1,0,No
5060,321,4038,3500,1920,2378,1408,2,7,4,1,0,1,1,No
5210,360.3,4532,4500,1925,2680,1200,1,6,3,1,1,1,1,No
3932,314.6,3957,3686,1914,2410,1539,2,7,3,1,1,1,1,Old
5199,482.5,6069,6800,1936,2826,1624,2,7,3,1,1,1,1,No
4752,437.1,5498,5835,1940,2916,1680,2,6,2,1,1,1,1,No
4773,381.4,4798,5236,1945,3715,1862,2,6,2,1,1,1,1,No
4010,336,4226,4800,1920,2997,1210,1,7,4,2,0,1,0,Recent
5118,382.7,4814,4947,1925,2692,1661,2,6,3,1,1,1,1,No
3682,269.1,3385,3495,1920,2044,912,1,5,2,1,0,1,0,No
576,310,3899,6000,1960,2088,1521,1,7,3,1,1,1,0,No
1203,395.7,4977,6000,1989,2820,1800,2,7,3,2,1,1,1,No
4414,359.6,4523,6000,1925,2730,1264,1,7,3,1,0,1,1,Recent
928,309.8,3897,10925,1945,1645,1255,1,4,2,1,0,1,0,No
3348,343.1,4316,5941,1955,2084,1372,2,6,3,1,1,1,0,No
2210,413.2,5198,5460,1939,2872,1763,2,6,3,1,1,1,1,No
972,263.4,3313,5380,1950,2450,1225,1,6,3,1,0,1,0,No
2715,300.7,3782,5867,1954,1736,820,1,8,4,1,1,1,0,No
480,299.1,3762,4772,1900,2652,1584,2,6,3,1,0,1,0,No
1609,289.1,3636,5445,1950,2520,1075,1,7,3,1,1,1,0,Old
4920,442.5,5566,6000,1930,3083,1985,2,9,3,1,0,1,0,No
4076,315.5,3968,5000,1950,2256,1042,1,7,3,1,0,1,0,No
3420,571.2,7185,13420,1929,4442,2402,1.5,9,3,2,0,1,1,No
3566,426.5,5365,5000,1949,2680,1734,2,6,3,2,0,1,0,Old
1657,330.2,4153,5097,1967,2420,1284,1.5,6,3,1,1,1,0,No
3264,364.2,4581,11168,1915,2944,1664,2,7,3,1,1,1,0,No
2956,267.5,3365,4068,1929,2060,988,1,5,2,1,1,1,0,No
1431,332.9,4187,4250,1955,2622,1360,1.5,8,3,2,0,1,1,No
504,220.4,2772,2644,1920,1730,1063,2,6,3,1,1,1,0,No
4679,643.1,8090,12600,1880,5623,3040,2,10,6,1,1,1,0,No
2168,314.5,3956,6620,1950,2734,1156,1,5,2,1,0,1,1,No
5132,465.3,5853,6162,1995,2640,1632,2,10,3,2,1,1,1,No
3242,321.3,4041,3609,1930,2232,1392,2,6,3,1,1,1,1,No
3364,338.2,4254,5250,1960,2228,1060,1,6,2,1,1,1,0,No
1573,303.5,3818,5214,1920,2256,1344,2,7,3,1,0,1,0,No
102,339.9,4275,5035,1925,3264,1523,1,6,2,1,0,1,0,Recent
2460,388.9,4892,6360,1924,2380,1472,2,6,3,1,1,1,1,No
116,274.2,3449,3617,1955,2784,1435,1.5,5,2,1,1,1,1,No
4526,335.4,4219,5000,1950,2826,1252,1,6,2,1,0,1,1,Old
3740,519.5,6535,5716,1900,4299,2419,2,7,4,1,1,1,1,No
3973,401.3,5048,4000,1920,3788,2067,2,7,3,1,1,1,0,No
334,320,4025,4411,1960,2284,1558,1,7,3,1,1,1,2,No
5460,376.6,4737,4761,1933,2772,1816,2.5,7,3,1,1,1,1,Old
3817,350,4403,4602,1910,2512,1544,2,6,3,1,1,1,1,Old
1234,378.8,4765,6000,1985,2851,1795,2,6,3,2,0,1,1,No
4111,392.5,4937,6325,1925,3717,1964,1.5,9,5,2,0,1,1,No
4568,475.1,5976,20181,1900,3467,2179,2,7,3,1,0,1,0,No
630,286.8,3607,4369,1960,2627,1384,1.5,6,3,2,0,1,1,No
4858,325.4,4093,4080,1950,2577,1169,1,6,2,2,0,1,1,Recent
4431,484.5,6095,8474,1940,2844,1558,2,7,3,1,1,1,1,No
1923,510.2,6418,20031,1953,4216,1836,1,7,3,1,1,1,2,No
2615,303.9,3823,3643,1930,2333,1344,2,6,3,1,0,1,0,No
1042,233.9,2942,4804,1960,1065,925,1,5,3,1,0,1,0,No
5022,309,3887,3673,1925,1695,1008,2,5,2,1,0,1,0,No
923,358.9,4514,7554,1960,3271,1591,1.5,7,3,2,0,1,1,No
927,278.6,3504,5980,1958,2576,1165,1,6,3,2,0,1,1,No
1552,272.9,3433,4523,1920,3188,1420,1,4,2,1,0,1,0,No
618,346.2,4355,4527,1956,2240,1428,2,8,4,1,1,1,1,Recent
1891,467.3,5878,6880,1990,2825,1844,2,6,3,2,1,1,1,No
3821,418.8,5268,5000,1934,3216,1903,2,8,3,1,2,1,0,No
1915,390.4,4911,5187,1935,2610,1536,2,6,3,1,1,1,0,No
4445,449.8,5658,4645,1920,2839,1709,2,9,3,2,1,1,0,No
719,327.9,4124,3981,1960,2040,1300,2,7,4,1,1,1,0,No
1899,305.9,3848,5000,1947,2210,1275,2,6,3,1,1,1,1,No
308,311.1,3913,6000,1960,2140,1966,1,7,3,2,0,1,0,No
2478,469.3,5903,6125,1935,3118,1940,2,8,3,1,1,1,1,Recent
4332,334.2,4204,5400,1900,1762,1164,2,6,3,1,0,1,0,No
1534,359.5,4522,6600,1981,2732,1306,1.5,6,2,2,0,1,0,No
3058,281.6,3542,4000,1925,1954,912,1,5,2,1,0,1,0,No
1816,363.1,4567,4948,1950,2812,1428,1.5,7,2,1,1,1,1,No
188,368,4629,2295,2002,2718,1728,2,7,3,2,1,1,1,No
1738,268.5,3377,3510,1960,2304,1306,1.5,6,3,2,0,1,1,No
1436,298.6,3756,3928,1950,2460,1346,1.5,6,2,1,1,1,1,No
3806,610,7673,8143,1892,5418,3084,2,11,5,1,1,1,2,Recent
4962,458.4,5766,4620,1910,3346,1921,2,8,4,2,0,1,1,Recent
2129,438.9,5521,5250,1950,2724,1592,2,7,3,1,1,1,1,No
5036,498.4,6269,6922,1920,3567,1932,2,7,3,1,1,1,1,No
715,284.2,3575,4042,1955,2505,1315,1,6,3,2,0,1,1,No
3749,290.8,3658,4300,1930,2572,1228,1,6,3,1,0,1,1,Old
5454,356.5,4484,4096,1930,2688,1500,2,7,3,1,1,1,1,No
2581,618.4,7779,11200,1952,4048,2309,2,8,4,2,2,1,1,Recent
5317,322.4,4055,6700,1930,2384,1476,2,7,3,1,1,1,1,No
3065,464.3,5840,6353,1915,3720,1792,2,6,3,1,1,1,1,Recent
5046,385.2,4845,5632,1925,2530,1634,2,7,3,1,0,1,1,No
4201,414.9,5219,5944,1966,2940,1415,1,5,3,1,0,1,1,No
4905,426.1,5360,4726,1880,2647,1706,2,7,4,1,1,1,0,No
943,258.8,3255,4063,1952,2168,1056,1,5,2,1,0,1,0,No
3317,310.1,3901,3217,1965,2008,1274,2,7,3,1,1,1,1,No
3427,443.3,5576,8492,1900,4829,2680,2,10,5,1,1,1,1,No
4666,351.1,4416,4640,1956,2208,1378,2,7,3,1,0,1,1,No
3718,330.3,4155,3200,1964,2647,1408,1.5,5,3,2,0,1,1,No
4369,393.7,4952,6032,1950,2514,1516,2,7,3,1,1,1,1,Recent
3832,292.1,3674,4250,1957,2430,1137,1,6,3,1,0,1,1,Old
3964,245.1,3083,3729,1920,2104,1272,2,7,4,1,0,1,0,No
2800,598,7522,11048,1880,5657,3301,2,8,4,1,1,1,0,No
4666,351.1,4416,4640,1956,2208,1378,2,7,3,1,0,1,1,No
1425,324.1,4077,5668,1950,3263,1347,1,7,3,1,0,1,1,Old
581,316.6,3982,6012,1967,2244,1320,2,6,3,1,1,1,0,No
3548,349.3,4394,5792,1890,3000,2032,2,12,3,2,0,1,0,No
289,206,2591,2436,1920,2476,1265,1.5,5,3,1,0,1,0,No
298,474.4,5967,5604,2008,3526,2118,2,8,4,2,1,1,0,No
382,348.3,4381,5441,1960,2416,1726,1,8,4,2,0,1,1,Recent
5677,404.8,5092,6500,1989,2880,1296,1,7,3,2,1,1,2,No
199,287.8,3620,6750,1956,2060,960,1,6,3,1,0,1,1,No
541,296.7,3732,5935,1960,2013,1320,2,6,3,1,1,1,0,No
1803,464.5,5843,5616,1990,2590,1650,2,8,5,2,2,1,0,No
5786,363.2,4569,4202,1941,2328,1410,2,6,3,1,1,1,1,No
3662,498.1,6266,8545,1899,4154,2368,2,9,4,2,1,1,2,No
2875,370,4654,6065,1905,3100,1942,2,7,3,1,0,1,0,No
1187,416.4,5238,6000,1989,2700,1740,2,9,2,1,2,1,1,No
449,282.6,3555,5963,1963,2136,1008,1,7,3,1,1,1,0,No
5152,377.2,4745,6276,1930,2750,1918,2,9,4,2,0,1,1,No
1322,327.3,4117,9551,1950,2964,1238,1,6,2,1,1,1,0,No
1830,305.8,3846,5400,1935,2971,1344,1,5,2,1,0,1,1,No
5322,372.1,4681,5000,1962,2658,1737,2,7,4,1,1,1,1,No
3846,348.2,4380,4850,1930,3075,1680,1.5,7,2,2,0,1,1,No
3566,426.5,5365,5000,1949,2680,1734,2,6,3,2,0,1,0,Old
2751,473,5950,8058,1924,3541,2224,2,8,4,1,1,1,1,Old
2841,300.4,3779,5500,1950,2164,1040,1,5,2,1,0,1,1,No
4304,342.1,4303,5307,1935,2302,1464,2,6,3,1,0,1,0,No
3782,483.5,6082,4000,1987,3692,2142,2,7,3,1,1,1,1,No
1840,431,5421,5412,1989,2508,1600,2,8,3,2,1,1,1,No
5670,280.9,3533,5000,1950,2256,1224,1.5,5,3,1,0,1,1,No
5794,399,5019,6350,1950,2361,1662,2,7,3,1,1,1,1,No
2763,421.7,5304,8750,1900,3700,1905,2,7,3,2,0,1,1,No
4264,694.9,8741,10466,1986,3776,2256,2,7,3,2,1,1,1,No
4123,446.2,5613,4648,1999,3548,1768,1.5,6,3,1,1,1,0,No
4632,458.5,5767,5299,1940,3186,1813,2,8,5,1,1,1,1,No
102,339.9,4275,5035,1925,3264,1523,1,6,2,1,0,1,0,Recent
4890,428.4,5389,6255,1940,2553,1494,2,7,3,1,1,1,1,No
68,351.2,4418,10000,1875,2232,1392,2,7,3,1,1,1,0,No
479,311.2,3914,9551,1943,2508,1306,1.5,6,2,1,1,1,1,Old
1490,388.9,4892,4293,1920,2778,1422,1.5,6,2,1,2,1,0,Old
4149,371.6,4674,5371,1925,3051,1790,2,7,3,1,0,1,1,No
3369,377.7,4751,6259,1940,2443,1612,2,8,4,1,1,1,1,No
169,242.9,3055,4151,1920,2068,1248,2,7,3,1,0,1,0,No
5579,381,4792,6168,1950,2238,1260,2,6,2,1,0,1,0,No
1729,304.2,3826,4782,1950,2584,1400,1.5,6,3,2,0,1,1,No
628,311.9,3923,6612,1965,2107,1487,1,7,3,1,1,2,0,No
1793,368.3,4633,6600,1920,2520,1600,2,7,4,1,1,1,1,No
2250,491.1,6178,6500,1958,3722,2048,2,8,4,3,1,1,1,Recent
2029,289,3635,6522,1930,2366,988,1,5,2,1,0,1,1,No
2853,458.8,5771,5500,1910,3584,2016,2,10,3,1,1,1,1,No
1164,302.9,3810,6690,1970,1592,780,1,5,2,1,0,1,0,No
172,237,2981,3200,1911,1292,1020,2,6,3,1,0,1,0,Old
4320,428,5384,6297,1920,2527,1538,2,7,4,1,1,1,1,Recent
2298,431.6,5429,3921,1928,2346,1793,2,7,3,1,1,1,1,No
5443,242,3044,5415,1925,1782,734,1,5,2,1,0,1,0,No
3400,367.8,4626,3450,1900,3629,1866,2,9,3,1,1,1,0,No
1632,252,3170,4242,1940,2036,928,1,5,2,1,0,1,1,Old
1002,367.9,4628,8060,1953,2689,1469,1.5,6,3,1,1,1,1,Recent
602,265.3,3337,4297,1960,2496,1354,1.5,6,3,1,0,1,1,No
3975,324.5,4082,4988,1940,2360,1485,2,6,3,1,1,1,0,No
1916,413,5195,5187,1935,3585,1894,2,8,4,2,1,1,1,No
3269,576.5,7252,9200,1899,3969,2520,2,9,4,2,1,1,3,Recent
4806,350.4,4408,4600,1962,2016,1288,2,7,3,1,1,1,1,No
4767,393.2,4946,5750,1916,2903,1780,2,8,4,1,1,1,0,No
1377,501.8,6312,10400,1880,3670,2425,2,7,3,2,1,1,2,Recent
4133,330,4151,4000,1957,2220,1254,2,7,3,1,1,1,1,No
4979,399.3,5023,7218,1930,2978,1692,2,7,3,1,1,1,0,No
2127,407.3,5123,6252,1915,3172,1720,2,7,3,2,0,1,0,Recent
1180,261.7,3292,4226,1958,2114,1025,1,5,3,1,0,1,1,No
3412,311.8,3922,4000,1930,3438,1436,1,6,2,1,0,1,0,No
2973,264.5,3327,3800,1930,2084,1000,1,5,2,1,0,1,1,No
4331,421.2,5298,7045,1925,2699,1656,2,7,4,1,1,1,2,No
2857,511.3,6432,13950,1920,4173,2278,2,9,5,2,0,1,1,No
320,347.9,4376,4269,1960,2236,1368,2,6,4,1,1,1,1,No
835,305.2,3839,6396,1954,2635,1201,1,5,2,1,0,1,1,No
1855,436.5,5491,4181,1935,2251,1387,2,6,3,2,0,1,0,Recent
318,255,3207,4200,1960,1940,970,1,7,3,1,1,1,1,No
1508,272.3,3425,5400,1960,2132,1056,1,5,2,1,0,1,1,No
5393,413,5195,4876,1930,3440,1942,2,7,3,1,1,1,1,Recent
2943,359.9,4527,4524,1930,2567,1664,2,8,4,1,1,1,0,No
2161,400,5032,5974,1930,2474,1524,2,7,3,1,0,1,1,Recent
4519,332.6,4184,5122,1951,1664,792,1,5,2,1,0,1,1,No
2663,419.7,5279,5000,1907,3136,1810,2,8,5,1,0,1,0,Recent
5485,398.7,5015,7188,1953,2568,1440,2,7,3,1,2,1,1,No
4077,363.4,4571,4150,1965,2190,1470,2,6,3,1,1,1,1,No
2847,328.9,4137,3712,1926,2459,1425,2,6,3,1,1,1,1,No
4561,450.1,5662,5400,1931,3512,2013,2,7,4,2,1,1,1,Old
1146,304.2,3826,7842,1958,2106,936,1,4,3,1,1,1,0,No
2644,325.5,4094,6875,1940,3070,1540,1,7,3,2,0,1,0,No
3049,537.6,6763,9904,1910,5074,2860,2,10,6,1,1,1,0,No
2072,404.1,5083,6688,1938,2510,1350,2,6,3,1,1,1,1,No
458,265.9,3345,6946,1950,2339,1075,1,6,3,1,0,1,1,No
449,282.6,3555,5963,1963,2136,1008,1,7,3,1,1,1,0,No
5232,403.6,5077,5000,1930,3012,1936,2,8,3,1,1,1,1,No
202,186.3,2343,4300,1920,1926,960,1,5,2,1,0,1,1,No
3023,683.1,8593,11550,1900,4989,3245,2.5,9,4,3,1,1,2,No
2818,671.9,8452,7820,1930,4169,2374,2,9,5,2,1,1,1,Old
5418,275.3,3463,5000,1925,1812,864,1,5,2,1,0,1,0,No
500,317.8,3997,11250,1954,2566,1244,1,6,3,1,1,1,1,No
5547,389.6,4901,7395,1949,2499,1454,2,8,4,1,1,1,1,No
4,498.6,6272,13773,1957,5032,2608,1,9,5,1,1,1,1,No
4818,403.8,5079,5000,1928,2719,1718,2,7,3,1,1,1,0,No
150,291.5,3667,6000,1971,2080,2028,1,8,4,1,1,1,0,No
