Value of House,TAX,LOT SQFT,GROSS AREA,LIVING AREA,FLOORS,ROOMS,BEDROOMS,FULL BATH,HALF BATH,FIREPLACE,Old,Recent
287.2,3612,6750,2344,1000,1.0,5,2,1,0,1,False,False
360.3,4532,4500,2680,1200,1.0,6,3,1,1,1,False,False
413.9,5206,7875,4203,2408,2.0,8,4,2,0,0,False,False
330.2,4153,7092,2778,1270,1.0,7,3,1,0,1,False,False
380.1,4781,3244,2616,1598,2.0,8,4,2,0,0,True,False
249.4,3137,4000,1542,720,1.0,4,2,1,0,0,False,False
482.7,6072,6250,3337,2045,2.5,8,4,2,1,0,False,True
395.7,4977,4875,2746,1768,2.0,7,3,1,1,1,False,False
388.9,4892,4700,3302,1753,2.0,8,3,1,1,0,False,False
488.8,6149,6950,3468,2052,2.0,9,4,2,1,1,False,False
402.3,5060,6763,3688,2192,2.0,7,3,2,1,1,False,False
345.4,4345,4500,2576,1346,1.5,6,2,2,0,1,True,False
401.6,5052,10103,2566,1430,1.5,6,2,2,0,1,False,True
345.6,4347,4770,2076,1288,2.0,6,3,1,0,0,False,False
409.5,5151,4864,3998,2176,1.5,11,4,2,1,1,False,False
366.8,4614,3360,2564,1560,2.0,6,3,1,0,1,False,False
285.9,3596,3354,2304,1306,1.5,6,3,2,0,1,False,False
464.2,5839,7560,2338,1508,2.0,9,4,1,0,1,False,False
582.5,7327,5298,3568,2352,2.0,9,3,1,1,1,False,False
304.5,3830,4520,2105,1352,2.0,6,3,1,1,1,False,False
331.3,4167,3416,3047,1378,1.0,6,3,1,1,0,False,False
370.3,4658,6091,2868,1589,1.5,7,4,2,1,0,False,False
417.1,5247,6285,2664,1720,2.0,7,3,2,0,1,False,False
338.7,4260,8815,2256,1726,1.0,7,3,2,0,0,False,False
295.6,3718,1237,3039,1908,2.0,7,4,1,2,1,False,False
385.2,4845,5632,2530,1634,2.0,7,3,1,0,1,False,False
312.7,3933,5633,2732,1469,1.5,6,2,2,0,1,False,False
349.0,4390,6000,2784,1624,2.0,7,4,1,0,1,False,False
473.7,5959,5000,2402,1632,2.0,7,3,1,1,0,True,False
327.4,4118,6697,2317,1396,2.0,7,3,1,0,1,False,False
448.2,5638,21933,3418,1540,1.0,6,3,1,1,1,False,True
309.6,3894,8055,2184,1351,1.0,5,2,1,0,1,False,False
438.9,5521,6250,3006,2064,2.0,7,3,2,1,1,True,False
421.3,5299,7150,3032,1944,1.0,6,3,1,1,1,False,False
247.3,3111,4012,1994,1048,1.5,6,3,1,0,0,False,False
288.6,3630,4250,2270,1044,1.0,5,2,1,0,1,False,False
659.015,8290,6500,6406,3351,2.0,9,4,2,1,1,False,False
442.1,5561,8051,3152,1695,1.5,7,3,1,1,1,False,True
594.2,7475,7277,3668,2200,2.0,7,4,2,1,3,False,True
791.6,9958,7629,6321,3521,2.0,12,6,4,1,2,False,True
279.1,3511,4404,1988,960,1.0,5,2,1,0,1,False,False
365.3,4595,6624,2635,1387,1.5,5,3,1,1,1,False,True
348.6,4385,4000,2627,1706,2.0,7,4,1,1,0,False,False
352.9,4439,6334,2677,1346,1.5,7,3,1,0,1,True,False
409.5,5151,4680,3490,1890,2.0,6,2,2,1,0,False,False
423.4,5326,4112,3666,1682,1.0,8,3,2,1,1,False,True
716.2,9009,9022,4758,3132,2.0,13,6,2,0,1,True,False
276.9,3483,4000,1591,1000,1.0,5,2,1,0,0,False,False
506.5,6371,6613,3813,2063,2.0,8,4,3,0,1,False,False
336.3,4230,4900,2597,1568,2.0,7,3,1,0,0,False,False
342.5,4308,4717,2802,1620,2.0,7,3,1,1,0,False,False
416.6,5240,5068,3112,1734,2.0,9,4,2,1,1,False,False
485.5,6107,6252,2587,1615,2.0,9,3,1,1,1,False,True
500.3,6293,7232,5206,2692,2.0,9,3,2,0,1,False,False
348.3,4381,3400,2540,1632,2.0,9,4,1,1,1,False,False
312.5,3931,6057,2374,1306,1.5,6,3,2,0,1,False,False
406.8,5117,7600,3404,1745,2.0,8,3,1,1,0,False,False
389.7,4902,5798,3268,1808,2.0,9,4,1,1,1,False,False
297.8,3746,5975,2628,1469,1.5,7,3,2,0,0,False,False
364.9,4590,4760,2352,1100,1.0,5,3,2,0,1,False,False
741.9,9333,7589,4856,3245,1.5,10,5,3,1,2,False,False
446.7,5619,7498,2860,1680,1.5,8,4,1,1,1,False,False
344.1,4328,7482,2635,1315,1.0,7,3,1,1,1,False,False
289.5,3641,4335,2087,1326,2.0,7,3,1,1,1,True,False
453.4,5703,7571,2820,1950,2.0,7,3,2,0,1,False,True
442.0,5560,6309,3665,2074,2.0,9,5,2,0,1,False,False
408.8,5142,7218,2946,1428,1.5,6,2,1,1,1,False,True
309.4,3892,3649,2248,1488,2.0,7,4,1,1,1,False,False
446.4,5615,6000,2700,1740,2.0,7,4,1,2,1,False,False
337.4,4244,6600,2447,1226,1.5,7,3,1,1,0,False,False
301.0,3786,6000,2280,1715,1.0,7,3,1,1,1,False,False
398.8,5016,6000,3320,1938,2.0,8,4,1,1,1,False,False
402.3,5060,6083,2714,1792,2.0,8,3,1,1,0,True,False
369.5,4648,5500,2820,1503,1.5,7,4,2,0,1,False,False
522.7,6575,6048,3134,2006,2.0,7,3,2,1,2,False,False
367.0,4616,4461,2604,1404,2.0,6,3,1,1,1,False,False
325.3,4092,3310,2328,1536,2.0,7,4,1,1,1,False,False
389.8,4903,5000,2400,1620,2.0,6,3,1,1,0,False,False
315.5,3968,5000,2256,1042,1.0,7,3,1,0,0,False,False
470.1,5913,5000,3061,1836,2.0,7,3,2,1,0,False,True
338.5,4258,3525,2016,960,1.0,5,2,1,0,0,False,False
419.4,5276,4400,4217,2680,2.5,9,6,1,1,2,False,False
292.1,3674,4250,2430,1137,1.0,6,3,1,0,1,True,False
413.414,5200,9150,2324,1326,2.0,7,3,1,1,1,False,False
396.1,4982,6375,3114,1778,2.0,8,4,2,0,1,False,True
270.5,3402,4433,3238,1492,1.0,6,2,1,0,0,True,False
399.5,5025,9030,3006,1904,2.0,8,3,1,1,1,False,False
300.6,3781,5043,2336,1306,1.5,6,3,2,0,1,False,False
340.6,4284,5016,2284,1173,1.5,5,2,1,1,2,False,False
313.4,3942,4050,2536,1582,2.0,6,3,1,1,1,False,False
270.0,3396,4204,2373,1050,1.0,6,2,1,0,0,False,False
491.1,6178,6500,3722,2048,2.0,8,4,3,1,1,False,True
545.0,6856,8598,4111,2133,2.0,7,3,1,1,1,True,False
289.7,3644,4581,2091,975,1.0,5,2,1,0,0,False,False
355.8,4475,8526,2068,1726,1.0,9,3,2,0,0,False,False
429.2,5399,8160,3359,1544,1.0,7,4,1,1,1,False,False
422.2,5311,5000,3144,1828,2.0,9,4,1,1,1,False,False
420.4,5288,6548,2918,1643,2.0,7,3,1,1,1,False,False
321.5,4044,5616,2664,1346,1.5,7,3,1,0,0,False,True
345.0,4340,3224,2213,1274,2.0,6,3,1,1,1,False,False
387.3,4872,7125,2530,1430,2.0,6,3,1,1,1,False,True
352.6,4435,4750,3332,1771,1.5,7,3,1,0,1,False,False
518.3,6520,7877,3644,2150,2.0,9,6,2,0,0,False,True
346.7,4361,3502,2523,1632,2.0,8,3,1,1,0,False,False
357.4,4496,4000,3954,1725,1.0,7,4,1,1,1,True,False
419.2,5273,5590,3597,2151,2.0,8,3,1,1,1,False,False
307.1,3863,6000,2308,2009,1.0,9,3,2,0,0,False,False
297.7,3745,3564,2369,1448,2.0,6,3,1,1,0,False,False
384.3,4834,4196,2872,1593,1.5,5,2,1,1,0,False,False
280.4,3527,3207,2622,1379,2.0,7,3,1,1,0,False,False
465.9,5861,5180,2826,1674,2.0,8,3,1,1,1,True,False
564.0,7095,5000,4108,2421,2.0,7,4,1,2,1,False,True
484.5,6095,8474,2844,1558,2.0,7,3,1,1,1,False,False
349.4,4395,5500,2835,1544,1.5,6,2,1,1,1,False,False
340.5,4283,5958,2184,1210,1.5,6,3,1,1,1,False,False
378.8,4765,6000,2851,1795,2.0,6,3,2,0,1,False,False
482.3,6067,11324,3555,1981,2.0,10,5,1,1,1,True,False
340.7,4286,5941,2712,1469,1.5,7,3,2,0,0,False,True
451.2,5676,8143,2976,1770,2.0,7,3,1,1,1,False,False
344.0,4327,5812,2924,1595,1.5,6,3,2,0,1,False,False
523.0,6579,8665,4399,2416,2.0,9,4,1,2,2,True,False
419.2,5273,5200,2567,1464,2.0,7,3,1,1,1,False,False
442.3,5564,3750,2754,1859,2.0,8,3,2,0,1,False,True
302.3,3802,5500,2304,1116,1.0,6,2,1,0,1,True,False
341.0,4289,3811,2064,1364,2.0,7,3,1,0,1,False,False
276.9,3483,4254,2100,1404,1.0,5,3,1,1,0,True,False
329.0,4138,5912,2807,1218,1.0,6,2,1,0,1,False,False
375.0,4717,5000,2874,1724,2.0,6,3,1,0,0,False,False
370.1,4655,3816,3590,1588,1.0,9,4,2,0,1,False,False
297.9,3747,4000,2352,1104,1.0,8,4,2,0,0,False,False
302.3,3802,4513,2276,1056,1.0,5,3,2,0,1,False,True
447.3,5627,6687,3692,2132,2.0,7,4,1,1,1,False,False
548.5,6900,8424,3086,1988,1.0,6,3,1,1,2,False,False
346.7,4361,4000,2504,1188,1.0,6,2,1,0,1,False,True
281.7,3543,4272,1669,1104,2.0,5,3,1,1,0,False,False
259.7,3267,3178,2464,1206,1.0,6,2,1,0,0,False,False
360.9,4540,5400,2508,1440,2.0,6,3,3,0,0,False,True
337.2,4241,13250,2508,1075,1.0,6,3,1,1,1,False,False
470.2,5915,6000,3346,2005,2.0,7,3,1,1,1,False,False
416.2,5235,4440,3074,1832,2.0,8,4,2,0,0,False,False
331.3,4167,4793,2154,1380,2.0,6,3,1,0,0,False,False
348.0,4377,9001,2840,1632,2.0,7,3,1,0,0,False,False
374.1,4706,5387,3086,1666,1.5,6,3,1,1,1,True,False
359.8,4526,3850,2355,1379,2.0,7,3,1,1,1,False,False
455.9,5735,4708,2924,1933,2.0,8,4,1,1,1,False,False
574.3,7224,9562,4173,2367,2.5,9,5,2,1,1,False,True
488.2,6141,18515,4449,2511,2.0,9,3,3,0,2,False,False
535.0,6730,5732,3818,2113,2.0,9,5,1,0,1,False,False
428.3,5388,4002,3325,1966,2.0,7,4,1,1,1,False,True
257.4,3238,5850,2295,1015,1.0,6,3,1,0,0,False,False
561.8,7067,9604,3960,2455,2.0,8,4,2,1,1,False,False
412.2,5185,7090,3151,1836,2.0,8,3,1,1,1,False,False
370.4,4659,4461,2185,1350,2.0,9,4,1,0,0,False,False
484.4,6093,6185,2863,1820,2.0,6,3,1,1,0,False,False
606.1,7624,12029,5068,2874,2.0,8,4,1,1,1,False,False
429.7,5405,5768,3401,2110,2.0,8,3,1,1,1,False,False
339.6,4272,3185,2714,1758,2.0,7,4,1,1,0,False,False
471.6,5932,8652,3212,2072,2.0,7,3,1,1,1,False,True
327.5,4119,5968,3216,1839,2.0,7,3,1,1,0,False,False
384.4,4835,5692,2915,1596,2.0,7,3,1,1,1,False,False
364.4,4584,5032,1825,1225,2.0,7,3,1,1,1,True,False
1009.9,12704,13300,7624,4133,2.0,9,4,3,1,2,False,False
270.7,3405,4165,2384,1306,1.5,6,3,1,0,1,False,False
432.5,5440,4992,2520,1834,1.0,5,3,1,0,1,False,True
598.1,7524,12927,3303,1818,2.0,8,4,1,1,0,False,False
354.7,4462,5385,2878,1248,1.0,6,2,1,0,1,False,False
489.7,6160,9062,3541,2665,2.0,8,3,2,0,0,True,False
478.5,6019,5000,3072,1980,2.0,8,4,2,0,1,False,True
368.1,4630,4423,2486,1404,2.0,7,3,1,1,0,False,False
338.3,4255,3360,2528,1536,2.0,7,4,1,1,1,False,False
470.2,5915,10500,3758,1781,1.5,6,3,2,0,1,False,False
345.0,4340,3224,2213,1274,2.0,6,3,1,1,1,False,False
389.9,4904,5712,2564,1499,2.0,8,3,1,1,1,False,False
484.5,6095,8474,2844,1558,2.0,7,3,1,1,1,False,False
378.2,4757,5985,2344,1112,1.0,5,2,1,1,1,False,False
340.0,4277,5000,2294,1275,2.0,6,3,1,1,1,False,False
558.8,7029,8317,4133,2605,2.0,8,4,2,1,1,False,False
278.5,3503,4046,2480,1120,1.0,5,2,1,0,1,False,False
482.2,6066,7005,3522,2096,2.0,10,5,2,1,1,False,False
306.3,3853,6710,2232,1044,1.0,6,2,1,0,1,False,False
396.7,4990,5055,2779,1704,2.0,7,4,1,1,1,False,False
669.5,8422,13850,6016,3470,2.0,11,5,2,1,1,False,False
514.7,6474,9006,3560,2210,2.0,6,3,1,1,1,False,False
233.6,2938,3600,1904,864,1.0,5,2,1,0,0,False,True
387.7,4877,3926,3396,2014,2.0,8,3,1,1,1,False,True
302.3,3802,4200,2272,1352,2.0,8,3,1,0,1,False,True
220.9,2778,3000,1812,840,1.0,5,2,1,0,0,False,False
313.2,3940,3724,2796,1576,1.5,6,3,1,1,1,False,False
351.2,4418,5725,2584,1428,1.5,6,3,1,0,0,False,False
277.7,3493,5365,1505,1294,1.0,7,4,1,0,0,False,False
423.8,5331,7124,2852,1578,2.0,7,3,1,1,1,False,True
256.4,3225,2410,2535,1632,2.0,7,3,2,0,0,False,False
546.6,6876,8400,4411,2190,2.0,7,4,1,1,1,True,False
406.5,5113,7036,2518,1449,2.0,7,3,1,1,1,True,False
299.9,3772,4645,2640,1165,1.0,6,3,1,1,2,False,False
226.4,2848,2965,2000,1002,1.0,5,2,1,0,0,False,False
397.4,4999,5469,2145,1352,2.0,8,2,1,1,1,False,True
378.7,4764,5454,2695,1608,2.0,7,3,1,1,1,False,False
415.1,5221,5296,2673,1394,1.5,8,3,1,1,1,False,True
465.9,5861,5180,2826,1674,2.0,8,3,1,1,1,True,False
314.1,3951,10641,2136,1008,1.0,6,3,1,1,0,False,False
318.3,4004,4632,2886,1346,1.0,6,4,1,0,0,False,False
626.7,7883,10500,5883,3046,2.0,9,3,1,1,1,False,False
426.5,5365,8470,2830,1271,1.0,5,3,1,1,1,False,False
364.9,4590,5000,2260,1389,2.0,7,4,1,1,0,False,False
283.8,3570,4238,2340,1306,1.5,5,2,2,0,1,False,False
334.5,4208,6500,2250,1275,1.5,6,3,2,0,1,True,False
425.3,5350,6303,2820,1800,2.0,7,3,2,1,0,False,False
377.3,4746,6145,3244,1142,1.0,6,3,2,0,0,False,False
346.4,4357,4307,2076,1352,2.0,6,2,1,0,0,True,False
406.1,5108,5343,2978,1756,2.0,7,4,1,1,1,False,True
329.9,4150,8858,2436,1726,1.0,7,3,1,1,2,False,False
429.3,5400,6989,3428,1700,1.0,7,3,1,1,1,False,False
422.6,5316,6312,2844,1680,2.0,7,4,1,1,1,False,False
264.2,3323,4020,1844,1152,2.0,6,2,1,1,0,False,False
386.8,4865,6154,2352,1327,2.0,6,3,1,1,1,False,False
441.4,5552,6303,3293,1936,2.0,8,3,1,1,1,False,True
344.6,4335,5781,2422,1251,1.5,7,3,1,1,1,False,False
374.8,4714,11425,3130,1180,1.0,6,2,1,1,2,True,False
265.2,3336,5164,1808,864,1.0,5,2,1,0,1,False,False
259.3,3261,3175,2684,1183,1.0,5,2,1,0,1,False,False
314.3,3953,7109,2239,1380,2.0,8,3,1,1,0,False,False
507.6,6385,7155,4698,2227,1.0,8,4,2,0,1,False,False
533.7,6713,9116,3330,2084,2.0,7,3,2,0,1,False,True
279.6,3517,6026,2376,1487,1.0,9,3,1,1,0,False,False
356.0,4478,5000,2343,1296,2.0,6,2,1,1,1,False,False
460.0,5786,9379,2320,1470,2.0,8,3,2,1,1,False,True
316.9,3986,5304,2706,1479,1.5,7,3,1,0,0,False,False
298.3,3752,4400,2339,960,1.0,5,3,1,0,0,False,False
554.9,6980,10663,5212,2885,2.0,10,4,2,1,0,False,True
398.6,5014,5024,2506,1576,2.0,7,3,1,1,0,False,False
507.2,6380,7667,3111,2389,1.0,7,3,1,2,1,False,False
341.8,4299,6531,2700,1260,1.0,6,3,1,1,1,False,False
302.0,3799,7005,2356,1108,1.0,5,2,1,0,1,True,False
291.8,3670,4000,2096,1032,1.0,6,4,2,0,0,False,False
408.8,5142,6535,2748,1544,2.0,7,3,1,0,1,False,False
387.9,4879,5823,2567,1479,2.0,6,3,1,1,1,False,False
563.1,7083,9021,4065,2605,2.0,8,4,2,1,1,False,False
381.5,4799,4030,3250,1872,2.0,6,3,2,0,1,True,False
454.5,5717,10405,3684,1956,2.0,8,3,1,1,1,False,False
386.5,4862,4000,2328,1384,2.0,7,3,1,1,1,False,True
434.8,5469,8951,3431,2655,1.0,8,3,2,0,2,False,False
231.1,2907,5657,2160,1080,1.0,5,3,1,0,1,False,False
376.0,4730,4000,2502,1419,1.5,5,2,1,1,1,False,True
286.9,3609,6044,2634,1469,1.5,5,2,1,0,0,False,False
343.7,4323,6049,2877,1373,1.5,6,3,1,1,1,True,False
376.6,4737,4761,2772,1816,2.5,7,3,1,1,1,True,False
390.9,4917,5371,2986,1664,2.0,6,3,1,1,1,False,False
323.6,4070,4637,3144,1400,1.0,7,4,1,0,0,False,False
576.0,7246,6864,5122,3108,2.0,8,4,2,1,1,False,False
403.3,5073,3078,3654,2145,2.0,8,4,1,1,0,False,True
437.1,5498,3839,2922,1330,1.0,7,3,2,0,1,False,True
308.2,3877,3694,1690,1008,2.0,5,2,1,0,0,False,False
337.5,4245,5687,2550,1224,1.5,7,3,1,0,0,False,False
388.0,4881,7218,2690,1395,2.0,7,3,1,1,1,False,False
273.4,3439,4307,2044,1152,2.0,6,3,1,0,1,False,False
322.5,4057,4932,2484,1075,1.0,6,3,1,1,0,False,True
385.6,4850,6000,2214,1470,2.0,8,4,1,1,1,False,False
416.5,5239,6380,2796,1716,2.0,8,4,1,1,1,False,False
289.5,3641,5000,2206,995,1.0,5,2,1,0,0,False,False
177.4,2231,3624,821,600,1.0,5,2,1,0,0,False,False
424.5,5340,8021,2624,1434,1.5,7,4,1,1,1,False,False
445.9,5609,6251,3418,2013,2.0,7,3,2,0,1,False,False
346.9,4364,5388,2240,1284,1.5,7,4,1,1,0,False,False
412.4,5187,6000,2991,1680,2.0,6,3,1,1,1,False,False
510.2,6418,6480,3119,1729,2.0,7,3,1,1,0,False,True
316.0,3975,8418,2001,1019,1.5,6,3,1,0,0,False,False
329.9,4150,8858,2436,1726,1.0,7,3,1,1,2,False,False
423.5,5327,6710,3020,1778,2.0,7,3,2,1,1,False,False
177.4,2231,3624,821,600,1.0,5,2,1,0,0,False,False
480.4,6043,5201,3544,1920,2.0,7,4,1,1,1,False,False
538.3,6771,6349,4002,2084,2.0,8,4,2,1,1,False,True
330.5,4157,6163,2520,1260,1.0,6,2,1,0,1,False,False
322.2,4053,4151,2988,1344,1.0,7,5,1,1,1,True,False
457.1,5750,6459,2392,1214,1.5,7,3,2,0,1,False,True
325.3,4092,3310,2328,1536,2.0,7,4,1,1,1,False,False
499.3,6281,6871,3776,2215,2.0,8,4,2,1,1,False,False
321.0,4038,3500,2378,1408,2.0,7,4,1,0,1,False,False
496.1,6240,9858,4612,2038,1.0,12,5,3,0,2,False,False
672.6,8461,14282,5062,2822,2.0,11,5,1,2,2,False,False
397.9,5005,5000,2247,1230,2.0,6,3,2,0,1,True,False
291.3,3664,3931,2593,1403,1.5,6,2,1,0,1,False,False
564.0,7095,5000,4108,2421,2.0,7,4,1,2,1,False,True
280.3,3526,2845,3100,1761,1.5,8,5,2,0,0,False,True
317.8,3997,6197,2294,2059,1.0,6,3,1,0,1,False,False
535.8,6740,6835,2599,1465,2.0,6,3,2,1,0,False,True
227.3,2859,4545,1800,900,1.0,5,3,1,0,0,False,False
365.1,4592,5058,3362,1763,2.0,8,4,2,0,0,False,True
304.4,3829,3662,2400,1400,2.0,7,3,1,0,0,False,False
530.8,6677,8153,4979,2854,2.0,9,5,2,0,2,False,True
288.2,3625,4159,2356,1306,1.5,6,2,1,0,1,False,False
310.3,3903,6111,2148,1726,1.0,8,4,1,1,0,False,False
356.3,4482,4900,2660,1798,2.0,7,4,1,1,0,True,False
432.1,5435,8023,2615,1434,2.0,7,3,1,1,1,False,False
359.9,4527,6143,2629,1188,1.0,6,3,1,1,1,False,False
422.2,5311,8350,2666,1841,1.0,5,3,1,0,0,False,False
401.7,5053,8545,2864,1476,2.0,6,3,1,0,0,False,False
512.8,6451,11382,3840,2160,2.0,7,3,2,1,0,False,False
316.2,3977,8423,2204,1085,1.5,6,3,1,1,0,False,False
362.5,4560,5500,2630,1556,2.0,7,3,1,1,1,False,False
432.7,5443,10250,2847,1764,2.0,6,3,1,0,0,False,False
370.5,4660,6000,2509,1520,2.0,6,3,1,1,1,False,False
457.4,5754,8431,5416,2407,1.0,6,2,2,0,0,False,False
349.0,4390,4825,2136,1242,2.0,6,3,1,0,0,False,False
318.4,4005,4630,2314,1409,2.0,7,3,1,0,1,False,False
542.3,6822,5720,5022,2654,2.0,10,4,1,2,1,False,False
343.1,4316,5941,2084,1372,2.0,6,3,1,1,0,False,False
273.6,3441,4888,2430,1075,1.0,5,4,1,1,0,False,False
396.4,4986,5750,3498,1827,1.5,6,4,2,0,0,False,True
325.6,4096,4800,2116,1303,2.0,6,3,1,1,0,False,False
335.3,4218,6400,3404,2612,1.0,7,4,1,1,1,True,False
409.9,5156,6930,2704,1608,2.0,6,3,1,1,1,False,False
354.2,4455,7040,2800,1260,1.0,5,2,1,0,1,False,False
396.6,4989,7077,2610,1590,2.0,6,3,1,0,1,False,False
419.1,5272,7500,2500,1560,2.0,6,3,1,1,1,False,False
276.2,3474,4464,1776,888,1.0,4,2,1,0,1,False,False
438.1,5511,10800,3211,1560,2.0,6,3,1,1,1,False,False
275.3,3463,4000,2521,1111,1.0,5,2,1,0,0,False,False
349.4,4395,5049,2504,1506,1.5,6,3,1,0,1,False,False
182.7,2298,1616,1439,856,2.0,5,2,1,0,0,False,False
301.4,3791,6444,2886,1474,1.5,6,3,1,1,1,False,False
407.0,5120,6287,3370,1968,2.0,8,4,2,0,1,False,False
325.2,4091,5128,1780,1112,2.0,6,2,1,1,1,False,False
480.0,6038,4829,2631,1716,2.0,9,3,2,1,1,False,True
304.3,3828,3710,1873,1144,2.0,8,4,1,0,0,False,False
343.4,4319,5000,2396,1306,1.5,7,3,1,1,1,False,False
413.0,5195,5974,2664,1664,2.0,8,3,1,1,1,False,False
396.9,4993,5082,3476,2000,2.0,7,4,1,1,0,False,True
285.3,3589,3856,2112,1232,2.0,7,3,1,0,1,False,False
473.9,5961,7500,4881,2652,2.0,7,4,1,1,2,False,False
425.8,5356,7794,3830,2029,2.0,8,4,1,1,0,False,True
345.4,4345,4500,2576,1346,1.5,6,2,2,0,1,True,False
402.3,5060,6500,3940,2212,2.0,9,5,1,1,0,False,False
468.2,5889,6120,2921,2098,2.0,9,4,1,1,1,False,True
307.1,3863,7532,2898,1726,1.0,6,2,2,0,0,False,False
281.6,3542,3086,2331,1142,1.5,7,3,1,0,0,True,False
331.2,4166,13494,2340,1306,1.5,6,3,2,0,1,False,False
406.9,5118,6756,2604,1680,2.0,7,3,2,0,1,False,False
387.4,4873,6030,2395,1915,1.0,5,3,1,0,1,False,False
403.9,5081,5500,3221,1880,2.0,7,3,1,1,1,False,False
461.1,5800,5764,2417,1392,2.0,9,4,1,1,1,False,False
585.4,7364,18247,5561,3160,2.0,10,7,3,0,2,False,False
475.2,5978,7860,3220,2187,2.0,8,4,2,1,2,False,True
385.6,4850,5682,4368,2039,1.0,9,4,2,0,0,False,False
595.2,7487,9425,4455,2838,2.5,10,6,2,1,1,False,True
390.9,4917,6800,2514,1961,1.0,8,4,1,1,2,False,False
462.9,5823,6085,3010,1974,2.0,8,4,2,1,1,False,True
328.9,4137,9834,2598,1414,1.5,6,3,1,1,0,False,False
332.7,4185,4903,1826,1152,2.0,6,3,1,0,0,False,False
559.0,7032,8400,4592,2691,2.0,10,5,1,1,1,False,False
472.1,5939,7650,3894,2293,2.0,10,2,1,1,2,False,False
403.3,5073,3078,3654,2145,2.0,8,4,1,1,0,False,True
298.5,3755,6514,2118,1380,2.0,8,3,1,1,0,False,False
516.0,6491,5900,4386,2475,2.0,9,4,1,1,1,False,False
350.6,4410,5899,2810,1650,2.0,7,3,2,0,1,True,False
444.0,5585,5150,3297,2061,2.0,7,4,1,1,1,True,False
356.0,4478,4568,2916,1333,1.0,8,4,1,1,0,False,False
317.3,3991,5395,2794,1671,1.0,5,2,1,0,1,False,False
303.5,3818,4572,2572,1299,1.5,6,3,1,1,1,False,False
332.5,4182,5090,3360,1933,2.0,9,6,1,1,0,False,False
340.0,4277,5400,2714,1376,1.5,6,3,1,0,1,False,True
397.3,4998,5000,2864,1752,2.0,8,3,1,1,0,False,False
302.3,3802,4513,2276,1056,1.0,5,3,2,0,1,False,True
512.3,6444,13654,3319,1939,2.0,8,3,1,1,1,True,False
368.1,4630,4965,2954,1571,1.5,6,3,2,0,1,True,False
354.3,4457,4000,2986,1694,2.0,7,3,1,0,1,False,False
416.2,5235,4440,3074,1832,2.0,8,4,2,0,0,False,False
426.9,5370,6500,3558,2014,2.0,8,4,2,0,0,True,False
395.2,4971,4203,2336,1448,2.0,7,3,2,1,1,False,False
554.5,6975,6772,3783,2394,2.0,7,3,2,1,1,False,False
529.4,6659,6783,3071,1728,2.0,7,3,1,1,1,False,False
359.9,4527,7796,3085,1808,2.0,8,3,2,0,0,True,False
435.0,5472,6212,3961,1870,1.5,6,4,2,0,1,True,False
332.4,4181,6375,2130,1372,2.0,7,3,1,0,0,False,False
384.3,4834,6000,2918,1862,2.0,7,5,1,1,1,False,False
433.8,5457,6000,2580,1740,2.0,8,4,2,1,1,False,False
331.2,4166,5540,3030,1669,1.5,7,3,1,1,1,False,False
322.2,4053,4151,2988,1344,1.0,7,5,1,1,1,True,False
252.5,3176,4000,2006,970,1.0,5,2,1,0,0,False,False
338.3,4255,6406,2066,1726,1.0,8,4,2,0,0,False,True
499.6,6284,9025,3103,1804,2.0,9,4,1,1,1,True,False
365.1,4592,5058,3362,1763,2.0,8,4,2,0,0,False,True
521.8,6564,9840,4827,2716,2.0,10,6,1,1,1,False,False
573.4,7213,11200,5344,2544,2.0,10,4,1,1,0,False,False
258.1,3246,6308,2102,1011,1.0,5,2,1,0,1,False,False
460.8,5796,4950,3120,1712,2.0,8,5,1,2,1,False,False
706.3,8885,8180,5587,2987,2.0,8,4,2,0,1,False,False
522.7,6575,7125,3472,1886,2.0,7,3,1,0,1,False,False
604.0,7598,9784,4557,2246,1.5,7,3,1,1,1,False,True
321.3,4041,3609,2232,1392,2.0,6,3,1,1,1,False,False
454.1,5712,5665,3810,2236,2.0,8,4,1,1,1,False,False
739.7,9305,14475,6733,3714,2.0,11,4,2,2,2,False,True
272.1,3423,4845,1976,988,1.0,5,3,1,0,2,False,False
624.9,7861,11700,3807,2220,2.0,7,3,1,1,1,False,True
317.2,3990,5559,2220,1377,2.0,6,3,1,1,1,False,False
423.3,5325,5000,2818,1558,2.0,7,3,1,1,1,True,False
398.9,5018,6650,2726,1840,2.0,7,3,1,1,1,False,False
598.8,7532,4750,4737,2563,2.0,9,6,2,1,1,False,True
434.6,5467,9689,3576,2685,1.0,10,6,2,2,0,True,False
546.4,6873,5303,3789,2466,2.0,10,4,3,0,2,False,True
460.5,5793,9500,2776,1732,2.0,8,3,1,1,0,True,False
454.5,5717,10405,3684,1956,2.0,8,3,1,1,1,False,False
373.4,4697,5127,3262,1490,1.0,7,3,2,0,0,False,False
322.3,4054,7999,2016,1008,1.0,9,4,1,1,0,False,False
522.4,6571,7991,4260,2285,2.0,8,5,2,1,1,False,False
338.9,4263,5000,2700,1392,1.5,7,2,1,1,1,False,False
522.2,6569,10500,3611,2257,2.0,9,4,1,1,1,False,False
466.9,5873,8720,3216,1772,2.0,6,3,2,1,1,False,False
277.8,3494,5368,2400,1120,1.0,4,2,1,0,1,False,False
261.7,3292,4226,2114,1025,1.0,5,3,1,0,1,False,False
282.7,3556,4163,2432,1123,1.0,7,3,1,0,1,False,False
404.5,5088,5945,2832,1491,2.0,7,2,1,1,1,False,False
334.1,4202,4166,3274,1902,2.0,9,4,1,0,1,False,False
289.3,3639,4336,2480,1109,1.0,7,2,1,0,1,False,False
439.2,5525,5217,4023,2278,2.0,7,4,1,0,1,False,False
410.1,5159,4260,2736,1680,2.0,7,3,1,1,1,False,False
256.4,3225,2410,2535,1632,2.0,7,3,2,0,0,False,False
354.1,4454,4984,2441,1464,2.0,7,3,1,1,1,False,True
358.1,4504,5000,2285,1520,2.0,8,3,1,0,1,False,False
500.6,6297,7362,3825,2565,2.0,6,4,2,1,1,False,False
369.5,4648,4702,2874,1310,1.0,6,2,1,0,1,False,True
460.3,5790,4048,3171,1954,2.0,9,4,1,1,0,False,False
393.8,4954,5000,2540,1456,2.0,6,3,1,1,0,False,True
400.9,5043,6532,2930,1593,1.5,7,3,1,1,0,True,False
333.5,4195,7482,2520,1109,1.0,7,4,1,1,0,False,False
413.4,5200,6271,3144,1600,2.0,7,3,1,1,1,True,False
405.1,5096,6050,2802,1698,2.0,9,4,1,1,1,False,True
346.9,4364,3812,2216,1352,2.0,8,3,1,1,1,False,True
389.3,4897,6235,2689,1584,2.0,7,3,1,0,1,False,False
356.0,4478,5000,2343,1296,2.0,6,2,1,1,1,False,False
687.9,8653,9364,4228,3022,2.0,8,3,2,1,1,False,False
495.2,6229,8767,3456,1846,2.0,8,3,1,1,1,False,True
255.7,3216,3440,1508,710,1.0,5,2,1,0,0,True,False
378.0,4755,6560,2638,1294,1.0,8,4,1,1,1,False,False
320.8,4035,6000,2425,1151,1.0,7,3,1,1,1,False,False
408.7,5141,6000,3054,1827,2.0,8,3,1,1,1,False,False
280.6,3529,4410,1944,1404,1.0,6,3,1,1,0,False,False
341.1,4291,6599,2485,1015,1.0,7,3,2,0,0,False,False
337.1,4240,6270,2784,1619,2.0,9,6,1,1,0,False,False
354.3,4457,4222,2212,1347,2.0,7,3,1,1,1,False,True
385.9,4854,7776,3532,2098,2.0,9,5,1,1,3,False,False
485.2,6103,6400,3210,1968,2.0,9,4,1,1,1,False,False
390.9,4917,5371,2986,1664,2.0,6,3,1,1,1,False,False
356.7,4487,6466,2790,2021,1.0,6,3,2,0,0,False,False
326.9,4112,4163,3019,1586,1.5,7,3,1,1,0,False,False
385.7,4852,5100,2072,1208,2.0,9,3,1,1,1,False,False
436.8,5494,5000,2719,1554,2.0,7,3,2,1,1,False,True
464.7,5845,9705,2835,1748,2.0,8,3,1,1,1,False,True
380.9,4791,4440,3100,1856,2.0,7,4,1,1,0,False,False
270.6,3404,4550,2374,1075,1.0,6,3,1,0,1,False,False
352.6,4435,5000,2608,1584,2.0,8,3,1,0,1,False,False
378.0,4755,4658,2331,1440,2.0,7,3,1,1,1,False,False
537.8,6765,6055,5149,2939,2.0,9,5,3,1,2,True,False
341.5,4296,5915,2738,1842,2.0,7,3,1,1,1,False,False
568.7,7154,4775,4350,2754,2.5,10,5,3,1,1,False,True
429.9,5408,11010,3908,1529,1.0,9,4,2,0,1,False,False
408.7,5141,6000,3054,1827,2.0,8,3,1,1,1,False,False
305.0,3836,6890,1874,912,1.0,5,2,1,0,1,False,False
304.9,3835,4275,2342,1095,1.0,6,2,1,0,0,False,False
398.0,5006,4700,2432,1501,2.0,8,3,1,0,1,False,False
486.9,6125,6700,4906,2774,2.0,9,4,2,1,1,False,False
302.9,3810,3500,2020,1284,2.0,7,3,1,1,0,False,False
391.4,4923,3852,2897,1855,2.0,9,3,1,1,1,False,True
328.4,4131,6500,2344,1096,1.0,6,2,1,1,1,False,False
627.8,7897,7063,5157,3063,2.0,9,5,2,1,1,False,True
383.0,4818,3668,2672,1542,2.0,7,3,1,1,0,False,False
397.9,5005,5000,2247,1230,2.0,6,3,2,0,1,True,False
351.6,4423,6345,1926,1128,2.0,6,3,1,0,1,False,False
422.6,5316,6312,2844,1680,2.0,7,4,1,1,1,False,False
340.7,4286,5941,2712,1469,1.5,7,3,2,0,0,False,True
413.9,5206,7875,4203,2408,2.0,8,4,2,0,0,False,False
698.0,8780,10720,4780,2571,2.0,9,4,1,1,1,False,False
259.6,3265,5144,2040,1079,1.5,6,2,1,0,0,False,False
447.1,5624,3525,3130,1632,1.5,6,3,2,0,1,False,True
462.7,5820,5000,3029,1672,2.0,8,3,2,1,1,False,True
463.4,5829,7672,2880,1750,2.0,8,3,1,1,1,False,False
365.0,4591,4000,3021,1943,2.0,6,3,1,1,1,True,False
351.8,4425,6600,2786,1109,1.0,6,4,1,0,1,False,False
336.5,4233,6842,2269,1393,2.0,6,3,2,0,0,False,False
375.6,4725,5250,2120,1288,2.0,6,3,1,1,1,True,False
519.6,6536,8450,3566,2232,2.0,6,3,1,1,1,True,False
338.9,4263,5000,2700,1392,1.5,7,2,1,1,1,False,False
313.0,3937,4534,2250,900,1.0,5,2,1,0,0,False,False
344.8,4337,5000,2216,1432,2.0,7,3,1,1,1,False,False
284.6,3580,4818,2243,998,1.0,6,2,1,0,1,False,False
317.4,3992,6867,2568,1142,1.0,6,2,1,1,0,False,False
468.8,5897,10000,3619,2288,2.0,8,4,1,1,1,False,False
338.7,4260,8815,2256,1726,1.0,7,3,2,0,0,False,False
312.8,3935,4905,2352,1161,1.5,6,3,1,1,1,False,False
297.1,3737,6000,2456,1997,1.0,7,3,1,1,0,False,False
500.3,6293,8800,3574,2154,2.0,8,4,1,1,1,False,True
384.2,4833,5500,2325,1380,2.0,7,3,1,0,1,False,False
391.2,4921,4455,2331,1439,2.0,7,3,1,1,1,False,False
437.0,5497,5097,4142,2337,2.0,9,4,2,1,1,False,False
407.5,5126,3717,3099,1465,1.0,6,3,2,0,1,False,True
332.5,4182,4500,1994,1061,1.5,8,2,1,1,1,False,False
325.7,4097,5113,2386,1056,1.0,6,2,2,0,1,False,False
559.2,7034,9013,4764,2650,2.0,10,6,2,1,3,False,False
329.7,4147,19466,2563,1075,1.0,7,3,1,1,1,False,False
511.7,6437,9401,5232,2749,2.0,10,4,1,1,1,False,False
328.8,4136,4400,2752,1142,1.0,5,2,1,0,0,False,False
387.7,4877,6251,2040,1296,2.0,5,3,1,1,1,False,False
501.5,6308,6257,3473,2020,2.0,8,3,2,1,1,False,True
249.2,3134,4100,2454,1092,1.0,5,2,1,1,1,False,False
297.2,3738,3200,3254,1383,1.0,5,3,1,0,0,False,False
334.2,4204,7100,2048,1306,2.0,6,3,1,1,1,False,False
298.1,3750,6000,2212,1692,1.0,7,3,1,1,0,False,False
434.8,5469,6122,3352,1974,2.0,9,4,1,1,1,False,True
559.9,7043,5483,5595,3074,2.0,8,4,2,0,1,False,False
334.1,4202,5140,3074,1383,1.0,5,2,1,0,0,False,False
285.1,3586,3549,2584,1387,1.5,6,3,1,0,1,True,False
661.8,8325,11200,4562,2808,2.0,9,5,4,0,0,False,True
383.0,4818,4824,2594,1580,2.0,7,4,1,1,1,False,False
406.9,5118,6756,2604,1680,2.0,7,3,2,0,1,False,False
384.0,4830,5843,2593,1572,2.0,7,3,1,1,0,False,False
298.5,3755,3200,2102,1303,2.0,7,3,1,1,0,False,True
434.3,5463,13267,3813,1931,1.5,6,2,1,1,1,False,True
396.9,4993,5082,3476,2000,2.0,7,4,1,1,0,False,True
316.8,3985,5497,2283,1032,1.0,7,3,1,0,1,False,False
443.3,5576,8250,3146,1828,2.0,7,3,1,1,0,False,False
487.8,6136,6459,2979,1776,2.0,7,3,1,1,1,True,False
500.0,6290,6031,3421,2135,2.0,8,4,2,1,1,False,False
730.9,9194,22956,4500,2909,2.5,11,6,3,1,0,False,True
204.9,2577,4200,2296,990,1.0,5,3,1,0,1,False,False
481.1,6052,10000,2905,1900,2.0,8,2,2,1,0,False,True
313.1,3938,6949,2612,1438,1.5,7,3,1,1,0,True,False
351.9,4426,6278,2804,1260,1.0,6,2,1,1,1,False,False
311.2,3914,9551,2508,1306,1.5,6,2,1,1,1,True,False
371.2,4669,5563,2686,1736,2.0,6,4,2,1,1,False,False
246.4,3099,3780,2412,1008,1.0,6,2,2,0,1,False,False
318.5,4006,5295,2304,1488,2.0,7,3,1,1,1,False,False
398.5,5013,4857,3113,1832,1.5,7,4,2,0,1,False,True
552.8,6954,6000,4562,2543,2.0,8,4,2,2,1,False,False
283.8,3570,3803,2434,1063,1.0,6,4,2,0,0,True,False
304.1,3825,4480,2507,1313,1.5,6,3,2,0,1,False,False
330.0,4151,5763,3046,1616,2.0,7,3,1,1,0,False,False
204.9,2577,4200,2296,990,1.0,5,3,1,0,1,False,False
394.2,4959,6420,2894,1816,2.0,7,3,1,1,1,False,False
349.0,4390,6000,2784,1624,2.0,7,4,1,0,1,False,False
312.7,3933,4366,2252,1015,1.0,5,2,1,1,1,False,False
325.1,4089,7220,1992,840,1.0,5,2,1,0,0,True,False
367.7,4625,7661,1866,752,1.0,7,3,1,0,0,False,True
330.5,4157,6163,2520,1260,1.0,6,2,1,0,1,False,False
381.3,4796,6075,2459,1468,2.0,8,4,1,1,2,True,False
444.6,5593,5000,2452,1430,2.0,7,3,2,0,2,False,True
422.1,5310,2466,3631,1712,1.0,7,2,1,1,1,True,False
498.7,6273,11905,3030,1817,2.0,7,3,1,0,0,False,False
286.6,3605,5095,1966,936,1.0,5,1,1,0,1,False,False
280.7,3531,6077,2097,1726,1.0,6,3,1,1,0,False,False
338.5,4258,5986,3360,1565,1.0,7,4,1,0,1,False,False
348.0,4377,5632,1936,1248,2.0,6,3,1,1,1,False,False
564.7,7103,6905,3791,2175,2.0,7,4,1,1,1,False,False
449.7,5657,10500,2663,1427,2.0,6,3,1,1,1,False,False
488.2,6141,18515,4449,2511,2.0,9,3,3,0,2,False,False
550.6,6926,6778,4569,3957,2.0,9,5,3,1,3,False,False
373.5,4698,5800,2787,1549,2.0,7,3,1,0,1,False,False
389.3,4897,7965,2368,1360,2.0,7,3,1,0,0,False,False
321.0,4038,4794,2361,1261,1.5,6,2,1,1,0,False,False
721.6,9077,5505,5806,3626,2.0,14,7,3,1,2,False,True
621.6,7819,8106,2946,2788,2.0,11,3,3,1,1,False,False
314.9,3961,5714,1750,1078,2.0,5,3,1,1,0,False,False
360.2,4531,5728,2160,1850,1.0,5,2,1,0,0,False,False
295.9,3722,5695,2232,1265,1.5,6,3,2,0,1,False,False
413.2,5198,5101,2156,1448,2.0,6,3,1,1,1,False,True
290.2,3650,3800,2044,912,1.0,6,3,2,0,0,False,False
301.1,3787,5223,2044,1212,2.0,5,2,1,0,0,False,False
296.7,3732,7088,1656,828,1.0,4,2,1,0,1,False,False
618.4,7779,10167,4928,2821,2.0,9,5,2,1,1,False,True
778.2,9789,15900,5642,3404,2.5,9,3,3,0,3,False,True
399.9,5030,5500,2846,1716,2.0,8,3,1,1,1,False,False
317.3,3991,4280,2104,988,1.0,5,3,1,0,1,False,False
359.1,4517,6600,3192,1446,1.0,7,3,1,0,0,True,False
364.6,4586,4133,2558,1460,2.0,6,3,1,1,1,True,False
483.7,6084,9840,4214,2106,1.5,7,4,2,0,2,False,False
272.4,3426,4416,2413,1083,1.0,8,3,1,1,1,False,False
314.2,3952,4728,2244,1352,2.0,6,3,1,1,0,False,False
294.7,3707,10551,1092,999,1.0,4,1,1,0,1,False,False
354.8,4463,5063,2549,1306,1.5,7,3,2,0,0,False,False
526.1,6618,5552,4232,2442,2.0,10,4,1,1,1,False,False
376.6,4737,5500,2980,1842,2.0,7,4,1,1,0,False,False
351.1,4416,4640,2208,1378,2.0,7,3,1,0,1,False,False
659.6,8297,9935,3478,2292,2.0,9,5,3,1,1,False,False
439.6,5530,5300,3104,1848,2.0,8,3,1,1,1,False,False
349.1,4391,6750,2224,1377,2.0,6,3,1,1,0,False,False
400.6,5039,6280,2928,2507,1.0,8,3,1,1,0,False,False
571.4,7188,6375,3576,1946,2.0,7,5,2,1,1,False,False
408.7,5141,5919,3431,1990,2.0,8,3,2,0,0,False,True
420.6,5291,8370,2222,1462,2.0,7,3,1,1,1,False,False
588.0,7397,6876,4092,2527,2.5,7,3,2,1,1,True,False
413.2,5198,7833,3012,1792,2.0,7,3,1,1,1,False,False
468.0,5887,5510,2596,1594,2.0,6,3,2,1,1,False,True
284.6,3580,6071,2136,1487,1.0,6,2,1,0,2,False,False
407.4,5125,4830,2970,2066,1.5,10,4,2,0,0,False,False
314.3,3953,4162,2556,1354,1.5,6,3,2,0,1,False,False
268.3,3375,4000,1392,660,1.0,4,2,1,0,1,False,False
363.2,4569,5000,2260,1528,2.0,9,4,1,0,0,False,False
397.8,5004,3906,3830,2280,2.0,11,7,2,0,0,True,False
352.6,4435,4750,3332,1771,1.5,7,3,1,0,1,False,False
408.2,5135,5930,3412,1850,2.0,9,4,1,1,1,True,False
343.3,4318,4258,2472,1448,2.0,7,3,1,0,1,False,False
344.5,4333,6647,3037,1314,1.0,6,3,1,1,1,False,False
384.2,4833,4019,3757,2007,2.0,10,4,2,1,0,False,False
324.7,4084,5500,2716,1414,1.5,6,3,3,0,1,False,False
276.6,3479,2126,1719,958,1.5,7,3,1,0,0,False,False
282.1,3548,4603,2531,1426,2.0,7,3,1,1,0,True,False
271.8,3419,3480,2208,1320,2.0,4,3,1,0,0,False,False
222.5,2799,2589,1516,748,1.5,4,2,1,0,0,False,False
359.8,4526,3850,2355,1379,2.0,7,3,1,1,1,False,False
391.3,4922,4002,2604,1612,2.0,7,3,1,1,1,False,False
313.4,3942,6036,2244,1028,1.0,5,2,1,0,1,True,False
503.1,6329,12024,4258,2445,1.5,9,5,1,2,0,False,False
272.1,3423,6408,3544,1494,1.0,6,3,1,0,1,True,False
450.2,5663,5032,4192,2583,2.0,9,4,1,1,1,False,False
429.2,5399,8160,3359,1544,1.0,7,4,1,1,1,False,False
368.2,4631,7100,2630,1466,2.0,8,3,1,1,0,True,False
351.2,4418,6180,2598,1484,1.5,7,3,2,0,1,False,False
419.04,5271,10875,3314,1683,1.5,7,4,2,0,1,True,False
359.1,4517,5850,2246,1378,2.0,6,3,1,1,1,False,False
338.4,4257,5000,2036,1175,2.0,6,3,1,0,1,False,False
438.4,5515,6658,3136,1688,2.0,7,3,1,1,1,False,False
358.3,4507,6375,2648,1142,1.0,6,3,2,0,1,False,False
278.7,3506,6400,2161,1633,1.0,8,4,2,0,1,True,False
551.9,6942,7550,3587,2286,2.0,6,3,1,0,1,True,False
701.8,8828,9716,5140,3446,2.0,11,4,2,1,2,False,True
318.5,4006,5295,2304,1488,2.0,7,3,1,1,1,False,False
329.0,4138,5000,2001,952,1.5,5,2,1,0,1,False,False
192.5,2421,4500,1848,890,1.0,6,3,1,0,0,False,False
371.1,4668,5500,2056,1070,1.5,6,3,1,0,1,False,False
334.2,4204,7100,2048,1306,2.0,6,3,1,1,1,False,False
365.6,4599,4800,3164,1411,1.0,6,3,1,1,1,False,False
492.4,6194,6567,3011,1872,2.0,7,3,2,1,0,False,False
366.7,4613,5364,2207,1344,2.0,7,3,1,0,1,False,False
333.4,4194,6854,2746,1688,2.0,8,3,1,0,1,False,True
226.2,2845,4000,1478,703,1.0,4,2,1,0,0,False,False
376.2,4732,6692,2412,1104,1.0,5,2,1,0,1,False,False
280.1,3523,4013,2372,1042,1.0,6,2,1,0,1,True,False
464.2,5839,7560,2338,1508,2.0,9,4,1,0,1,False,False
367.7,4625,4260,2804,1680,2.0,7,4,1,1,0,False,False
369.7,4650,6440,3638,1602,1.0,6,2,1,0,1,False,False
386.0,4855,5540,2872,1732,2.0,7,3,1,1,1,False,False
505.6,6360,7205,4996,2375,1.5,11,6,3,0,0,False,False
318.3,4004,4000,2563,1142,1.0,6,2,1,1,1,False,False
271.5,3415,3554,2000,1037,1.5,5,2,1,0,0,True,False
293.7,3694,4850,2772,1224,1.0,5,2,1,0,0,False,False
354.3,4457,4988,2089,1280,2.0,5,2,1,1,1,False,True
310.6,3907,4989,2528,1306,1.5,6,3,2,0,1,False,False
546.5,6874,7000,5884,3374,2.0,9,4,2,1,1,False,False
304.4,3829,5546,2718,1210,1.0,6,3,1,0,1,False,False
514.2,6468,5278,3426,2144,2.0,7,4,1,1,1,False,False
352.2,4430,5250,2847,1423,1.5,5,2,1,1,1,False,False
546.4,6873,5303,3789,2466,2.0,10,4,3,0,2,False,True
426.3,5362,7190,2874,1626,2.0,8,3,2,1,1,False,False
393.7,4952,6032,2514,1516,2.0,7,3,1,1,1,False,True
351.8,4425,4500,2436,1368,2.0,6,3,1,1,1,False,False
387.8,4878,7500,2796,1648,2.0,7,3,1,1,1,False,False
441.4,5552,10168,2876,1670,2.0,7,4,1,1,1,False,False
534.0,6717,5852,3976,2197,2.0,8,4,2,1,1,False,False
325.3,4092,3310,2328,1536,2.0,7,4,1,1,1,False,False
317.0,3987,4000,2393,1121,1.5,6,3,1,0,0,False,False
423.3,5325,5000,2818,1558,2.0,7,3,1,1,1,True,False
320.8,4035,6180,2482,1211,1.0,8,3,1,1,2,False,False
493.3,6205,7615,2907,1659,2.0,9,3,2,1,1,False,False
434.8,5469,8951,3431,2655,1.0,8,3,2,0,2,False,False
350.7,4411,9600,4063,1636,1.0,9,3,2,0,0,False,False
324.6,4083,3720,2850,1708,2.0,6,3,1,1,1,False,False
348.4,4382,5200,2126,1378,2.0,6,3,1,1,1,False,False
554.9,6980,20046,5264,3002,2.0,8,5,2,1,2,False,False
476.3,5991,5500,2936,1836,2.0,8,4,1,1,1,False,True
473.3,5954,6059,2875,1530,2.0,9,3,2,1,1,False,False
275.9,3470,7548,2552,1075,1.0,6,2,1,0,1,False,False
444.7,5594,8250,2430,1446,2.0,8,3,1,1,1,False,False
439.1,5523,6250,4213,2477,2.0,10,3,1,1,1,False,False
283.3,3563,4059,2609,1092,1.0,6,3,1,0,1,False,False
286.3,3601,5877,2052,1726,1.0,5,3,2,0,0,False,False
281.3,3538,3960,2590,1630,2.0,8,4,2,1,1,False,False
316.9,3986,12273,2768,1596,2.0,7,3,1,1,1,False,True
546.2,6871,3655,3868,2352,2.0,7,3,3,0,0,False,True
192.4,2420,4237,2667,1205,1.0,6,2,1,0,0,False,False
392.2,4933,6250,3588,1714,1.5,7,3,2,0,1,True,False
392.8,4941,8000,2716,1452,1.5,8,4,1,1,1,False,False
338.8,4262,5850,2322,1303,2.0,7,3,1,1,1,False,False
307.3,3865,4200,2300,1092,1.0,6,2,2,0,0,False,True
487.4,6131,11000,2742,1728,2.0,6,3,1,1,1,False,False
362.3,4557,4500,2501,1624,2.0,7,3,1,1,1,False,False
433.1,5448,4847,2420,1458,2.0,8,3,1,1,1,False,False
438.7,5518,8800,4184,2235,2.0,10,2,1,1,1,False,False
277.6,3492,3586,1984,944,1.0,5,2,1,0,0,False,False
414.9,5219,5866,2638,1562,2.0,7,3,1,1,1,False,False
540.0,6793,8750,3567,2342,2.0,11,3,2,1,1,False,False
299.5,3767,3075,1888,1200,2.0,6,3,1,1,1,True,False
384.3,4834,5520,2743,1641,2.0,7,3,1,0,1,False,False
274.7,3455,4800,1804,902,1.0,4,2,1,0,0,False,False
385.1,4844,4717,2870,1663,2.0,7,4,1,1,0,False,False
394.6,4964,7000,2247,1344,2.0,6,3,1,0,1,False,False
340.0,4277,5000,2294,1275,2.0,6,3,1,1,1,False,False
367.9,4628,8060,2689,1469,1.5,6,3,1,1,1,False,True
343.0,4314,3637,2332,1464,2.0,7,3,1,1,0,False,False
356.3,4482,4900,2660,1798,2.0,7,4,1,1,0,True,False
241.3,3035,4410,1964,1404,1.0,7,3,1,1,0,False,False
518.5,6522,10400,3194,1874,2.0,8,3,1,1,2,False,False
386.9,4867,4539,2980,1618,2.0,10,4,1,1,1,False,False
807.0,10152,15790,5260,2890,2.0,11,5,3,1,2,True,False
433.1,5448,6102,2308,2135,1.0,6,3,1,1,1,False,False
522.7,6575,6625,5072,2832,2.0,9,5,1,1,1,False,True
438.3,5513,4700,2705,1590,2.0,8,4,1,1,1,False,False
434.8,5469,4018,3424,2029,2.0,12,4,1,1,1,False,False
295.7,3719,4220,2392,1056,1.0,6,3,1,0,1,False,False
351.8,4425,6235,3354,1512,1.0,5,2,1,0,1,False,False
416.5,5239,6380,2796,1716,2.0,8,4,1,1,1,False,False
416.0,5233,6028,2777,1834,2.0,7,3,1,1,2,False,False
356.8,4488,5906,2368,2051,1.0,8,4,1,1,2,False,False
449.6,5655,4979,3942,2213,2.0,8,4,1,1,0,False,False
382.5,4811,5491,2838,1764,2.0,7,4,1,0,1,False,False
435.1,5473,6990,2688,1688,2.0,8,4,1,1,1,False,False
340.1,4278,5712,3336,2036,2.0,7,3,1,1,1,False,False
578.9,7282,7938,4042,2193,2.0,8,4,1,1,0,False,True
458.6,5769,9600,3356,2078,2.0,7,3,2,1,0,True,False
527.9,6640,6317,4536,2466,2.0,10,3,2,0,3,False,False
343.8,4325,5199,2248,1412,2.0,7,3,1,1,1,False,False
327.2,4116,6042,2840,1550,1.5,7,3,1,0,1,False,False
639.6,8046,8849,4521,2686,2.0,10,6,3,0,1,False,True
438.9,5521,7400,2900,1666,2.0,6,3,1,1,0,False,False
288.0,3623,3417,2520,1306,1.5,6,3,1,1,1,False,False
292.0,3673,5487,2095,988,1.0,5,3,1,0,2,False,False
445.6,5605,4875,3020,2007,2.0,9,4,1,1,0,False,True
366.9,4615,5656,2342,1450,2.0,7,3,1,0,0,False,False
274.1,3448,6781,2064,1000,1.0,5,2,1,0,1,False,False
307.2,3864,4400,2520,1123,1.0,6,3,1,0,1,False,False
381.8,4803,5500,2796,1800,2.0,6,3,1,0,0,False,False
374.7,4713,3800,2779,1585,2.0,8,3,1,0,0,False,False
398.7,5015,7188,2568,1440,2.0,7,3,1,2,1,False,False
404.2,5084,5488,3780,1992,1.5,8,4,2,1,1,False,True
730.3,9187,5818,6180,3970,2.5,9,4,2,1,0,False,False
511.9,6439,39000,4606,2448,2.0,10,4,2,0,1,False,False
356.0,4478,4568,2916,1333,1.0,8,4,1,1,0,False,False
322.1,4052,4875,2409,1014,1.0,6,3,1,0,0,True,False
337.0,4239,6790,4000,1330,1.0,6,2,1,0,0,True,False
356.4,4483,6253,2748,1991,1.0,6,3,1,0,1,False,False
388.9,4892,4293,2778,1422,1.5,6,2,1,2,0,True,False
289.5,3641,4335,2087,1326,2.0,7,3,1,1,1,True,False
393.2,4946,5757,3728,2112,2.0,7,3,1,0,1,False,False
343.5,4321,14521,2588,1487,1.0,7,3,2,0,1,False,False
326.7,4109,3250,2564,1285,1.5,8,2,1,1,1,False,False
419.1,5272,7500,2500,1560,2.0,6,3,1,1,1,False,False
259.3,3261,3175,2684,1183,1.0,5,2,1,0,1,False,False
454.6,5718,6297,2952,1591,1.5,8,4,2,0,1,False,True
376.7,4738,7159,2601,1114,1.0,7,3,1,1,1,False,True
360.6,4536,4933,2014,1704,1.0,7,3,2,0,0,False,False
377.3,4746,4861,3836,2107,2.0,6,3,2,0,1,True,False
368.2,4631,5803,2551,1624,2.0,8,4,1,1,0,False,False
428.0,5384,4675,2767,1778,2.0,7,3,1,0,1,False,False
337.1,4240,6270,2784,1619,2.0,9,6,1,1,0,False,False
441.5,5554,4073,2641,1688,2.5,6,3,2,0,0,False,False
368.6,4636,5000,3040,1700,1.5,5,2,1,1,1,False,False
332.3,4180,5820,2142,1392,2.0,7,3,1,0,0,True,False
364.9,4590,4760,2352,1100,1.0,5,3,2,0,1,False,False
322.3,4054,4794,2647,1414,1.5,5,2,1,1,1,False,False
404.1,5083,6654,2804,1438,2.0,6,3,1,1,1,False,False
583.1,7335,8800,5221,2931,2.0,10,5,1,1,0,False,False
354.2,4455,6000,2936,1650,2.0,8,3,2,0,0,False,False
406.8,5117,5000,3148,2088,2.0,11,3,1,0,1,True,False
460.7,5795,7218,2638,1683,2.0,8,4,2,1,0,False,True
404.4,5087,8250,3076,1874,2.0,10,4,1,1,0,False,False
349.5,4396,4779,2680,1414,1.5,6,3,1,1,1,False,False
402.7,5065,5372,3404,1678,1.0,8,3,2,1,2,False,False
313.5,3943,4500,2102,1350,2.0,6,2,1,0,1,False,False
419.6,5278,6000,2786,1778,2.0,7,3,1,1,1,True,False
605.2,7613,7414,4601,2484,2.0,9,5,2,1,1,True,False
272.9,3433,2800,2663,1430,2.0,6,3,1,1,0,False,False
314.3,3953,7193,2740,1508,2.0,7,3,1,0,0,False,False
612.6,7706,6150,3667,2726,2.0,10,4,2,2,1,False,False
309.8,3897,4946,2495,1403,1.5,6,3,2,0,1,False,False
363.8,4576,5481,3022,1450,2.0,7,3,1,1,1,False,False
587.2,7386,9042,3236,1976,2.0,7,3,2,2,1,False,False
439.5,5528,8027,2410,1266,1.0,7,3,1,1,1,False,False
283.5,3566,4824,1795,933,1.5,7,3,2,0,0,False,False
444.6,5593,4851,2957,1680,2.0,5,3,2,0,0,False,False
440.1,5536,10342,2488,1590,2.0,7,3,1,1,1,False,False
340.0,4277,5400,2714,1376,1.5,6,3,1,0,1,False,True
291.1,3662,4160,2720,1498,1.5,6,2,1,1,1,False,False
245.5,3088,4500,2054,1444,2.0,7,3,1,0,0,False,False
370.8,4664,5246,2754,1544,2.0,7,3,1,0,1,False,False
277.6,3492,3586,1984,944,1.0,5,2,1,0,0,False,False
245.8,3092,3266,1216,576,1.0,5,2,1,0,0,False,False
339.3,4268,4275,2184,1288,2.0,6,3,1,1,1,False,False
478.4,6018,5631,3376,1740,1.5,7,3,2,1,1,False,True
354.0,4453,5000,2520,1440,2.0,7,4,1,1,1,False,True
314.7,3958,3450,2404,1484,2.0,7,3,1,1,0,False,False
366.9,4615,5656,2342,1450,2.0,7,3,1,0,0,False,False
289.5,3641,5000,2206,995,1.0,5,2,1,0,0,False,False
379.9,4779,5254,2852,1306,1.5,7,4,1,1,1,False,False
410.8,5167,4298,3716,2059,2.0,7,2,2,0,1,False,False
541.7,6814,14513,3475,2084,2.0,7,3,1,0,0,False,False
345.6,4347,5100,1799,1120,2.0,6,3,1,0,1,False,True
458.4,5766,9100,3009,1780,2.0,7,3,2,1,0,False,True
457.7,5757,9006,2770,1666,2.0,7,4,1,1,1,False,False
453.1,5700,10119,3437,1900,2.0,9,5,1,0,0,False,False
520.9,6552,8297,3716,2344,2.0,7,4,1,0,1,False,False
405.5,5101,3867,2431,1560,2.0,7,3,2,1,1,False,False
511.4,6433,6210,3552,2316,2.0,6,3,2,1,1,False,True
422.2,5311,6777,3535,2053,2.5,7,3,1,1,1,False,False
246.3,3098,9282,2065,1122,2.0,6,3,2,0,0,False,False
362.4,4558,4317,2264,1440,2.0,7,3,1,0,1,True,False
276.4,3477,2544,2303,1532,2.0,7,3,1,0,0,False,True
397.3,4998,5000,2864,1752,2.0,8,3,1,1,0,False,False
321.0,4038,3500,2378,1408,2.0,7,4,1,0,1,False,False
360.3,4532,4500,2680,1200,1.0,6,3,1,1,1,False,False
314.6,3957,3686,2410,1539,2.0,7,3,1,1,1,True,False
482.5,6069,6800,2826,1624,2.0,7,3,1,1,1,False,False
437.1,5498,5835,2916,1680,2.0,6,2,1,1,1,False,False
381.4,4798,5236,3715,1862,2.0,6,2,1,1,1,False,False
336.0,4226,4800,2997,1210,1.0,7,4,2,0,0,False,True
382.7,4814,4947,2692,1661,2.0,6,3,1,1,1,False,False
269.1,3385,3495,2044,912,1.0,5,2,1,0,0,False,False
310.0,3899,6000,2088,1521,1.0,7,3,1,1,0,False,False
395.7,4977,6000,2820,1800,2.0,7,3,2,1,1,False,False
359.6,4523,6000,2730,1264,1.0,7,3,1,0,1,False,True
309.8,3897,10925,1645,1255,1.0,4,2,1,0,0,False,False
343.1,4316,5941,2084,1372,2.0,6,3,1,1,0,False,False
413.2,5198,5460,2872,1763,2.0,6,3,1,1,1,False,False
263.4,3313,5380,2450,1225,1.0,6,3,1,0,0,False,False
300.7,3782,5867,1736,820,1.0,8,4,1,1,0,False,False
299.1,3762,4772,2652,1584,2.0,6,3,1,0,0,False,False
289.1,3636,5445,2520,1075,1.0,7,3,1,1,0,True,False
442.5,5566,6000,3083,1985,2.0,9,3,1,0,0,False,False
315.5,3968,5000,2256,1042,1.0,7,3,1,0,0,False,False
571.2,7185,13420,4442,2402,1.5,9,3,2,0,1,False,False
426.5,5365,5000,2680,1734,2.0,6,3,2,0,0,True,False
330.2,4153,5097,2420,1284,1.5,6,3,1,1,0,False,False
364.2,4581,11168,2944,1664,2.0,7,3,1,1,0,False,False
267.5,3365,4068,2060,988,1.0,5,2,1,1,0,False,False
332.9,4187,4250,2622,1360,1.5,8,3,2,0,1,False,False
220.4,2772,2644,1730,1063,2.0,6,3,1,1,0,False,False
643.1,8090,12600,5623,3040,2.0,10,6,1,1,0,False,False
314.5,3956,6620,2734,1156,1.0,5,2,1,0,1,False,False
465.3,5853,6162,2640,1632,2.0,10,3,2,1,1,False,False
321.3,4041,3609,2232,1392,2.0,6,3,1,1,1,False,False
338.2,4254,5250,2228,1060,1.0,6,2,1,1,0,False,False
303.5,3818,5214,2256,1344,2.0,7,3,1,0,0,False,False
339.9,4275,5035,3264,1523,1.0,6,2,1,0,0,False,True
388.9,4892,6360,2380,1472,2.0,6,3,1,1,1,False,False
274.2,3449,3617,2784,1435,1.5,5,2,1,1,1,False,False
335.4,4219,5000,2826,1252,1.0,6,2,1,0,1,True,False
519.5,6535,5716,4299,2419,2.0,7,4,1,1,1,False,False
401.3,5048,4000,3788,2067,2.0,7,3,1,1,0,False,False
320.0,4025,4411,2284,1558,1.0,7,3,1,1,2,False,False
376.6,4737,4761,2772,1816,2.5,7,3,1,1,1,True,False
350.0,4403,4602,2512,1544,2.0,6,3,1,1,1,True,False
378.8,4765,6000,2851,1795,2.0,6,3,2,0,1,False,False
392.5,4937,6325,3717,1964,1.5,9,5,2,0,1,False,False
475.1,5976,20181,3467,2179,2.0,7,3,1,0,0,False,False
286.8,3607,4369,2627,1384,1.5,6,3,2,0,1,False,False
325.4,4093,4080,2577,1169,1.0,6,2,2,0,1,False,True
484.5,6095,8474,2844,1558,2.0,7,3,1,1,1,False,False
510.2,6418,20031,4216,1836,1.0,7,3,1,1,2,False,False
303.9,3823,3643,2333,1344,2.0,6,3,1,0,0,False,False
233.9,2942,4804,1065,925,1.0,5,3,1,0,0,False,False
309.0,3887,3673,1695,1008,2.0,5,2,1,0,0,False,False
358.9,4514,7554,3271,1591,1.5,7,3,2,0,1,False,False
278.6,3504,5980,2576,1165,1.0,6,3,2,0,1,False,False
272.9,3433,4523,3188,1420,1.0,4,2,1,0,0,False,False
346.2,4355,4527,2240,1428,2.0,8,4,1,1,1,False,True
467.3,5878,6880,2825,1844,2.0,6,3,2,1,1,False,False
418.8,5268,5000,3216,1903,2.0,8,3,1,2,0,False,False
390.4,4911,5187,2610,1536,2.0,6,3,1,1,0,False,False
449.8,5658,4645,2839,1709,2.0,9,3,2,1,0,False,False
327.9,4124,3981,2040,1300,2.0,7,4,1,1,0,False,False
305.9,3848,5000,2210,1275,2.0,6,3,1,1,1,False,False
311.1,3913,6000,2140,1966,1.0,7,3,2,0,0,False,False
469.3,5903,6125,3118,1940,2.0,8,3,1,1,1,False,True
334.2,4204,5400,1762,1164,2.0,6,3,1,0,0,False,False
359.5,4522,6600,2732,1306,1.5,6,2,2,0,0,False,False
281.6,3542,4000,1954,912,1.0,5,2,1,0,0,False,False
363.1,4567,4948,2812,1428,1.5,7,2,1,1,1,False,False
368.0,4629,2295,2718,1728,2.0,7,3,2,1,1,False,False
268.5,3377,3510,2304,1306,1.5,6,3,2,0,1,False,False
298.6,3756,3928,2460,1346,1.5,6,2,1,1,1,False,False
610.0,7673,8143,5418,3084,2.0,11,5,1,1,2,False,True
458.4,5766,4620,3346,1921,2.0,8,4,2,0,1,False,True
438.9,5521,5250,2724,1592,2.0,7,3,1,1,1,False,False
498.4,6269,6922,3567,1932,2.0,7,3,1,1,1,False,False
284.2,3575,4042,2505,1315,1.0,6,3,2,0,1,False,False
290.8,3658,4300,2572,1228,1.0,6,3,1,0,1,True,False
356.5,4484,4096,2688,1500,2.0,7,3,1,1,1,False,False
618.4,7779,11200,4048,2309,2.0,8,4,2,2,1,False,True
322.4,4055,6700,2384,1476,2.0,7,3,1,1,1,False,False
464.3,5840,6353,3720,1792,2.0,6,3,1,1,1,False,True
385.2,4845,5632,2530,1634,2.0,7,3,1,0,1,False,False
414.9,5219,5944,2940,1415,1.0,5,3,1,0,1,False,False
426.1,5360,4726,2647,1706,2.0,7,4,1,1,0,False,False
258.8,3255,4063,2168,1056,1.0,5,2,1,0,0,False,False
310.1,3901,3217,2008,1274,2.0,7,3,1,1,1,False,False
443.3,5576,8492,4829,2680,2.0,10,5,1,1,1,False,False
351.1,4416,4640,2208,1378,2.0,7,3,1,0,1,False,False
330.3,4155,3200,2647,1408,1.5,5,3,2,0,1,False,False
393.7,4952,6032,2514,1516,2.0,7,3,1,1,1,False,True
292.1,3674,4250,2430,1137,1.0,6,3,1,0,1,True,False
245.1,3083,3729,2104,1272,2.0,7,4,1,0,0,False,False
598.0,7522,11048,5657,3301,2.0,8,4,1,1,0,False,False
351.1,4416,4640,2208,1378,2.0,7,3,1,0,1,False,False
324.1,4077,5668,3263,1347,1.0,7,3,1,0,1,True,False
316.6,3982,6012,2244,1320,2.0,6,3,1,1,0,False,False
349.3,4394,5792,3000,2032,2.0,12,3,2,0,0,False,False
206.0,2591,2436,2476,1265,1.5,5,3,1,0,0,False,False
474.4,5967,5604,3526,2118,2.0,8,4,2,1,0,False,False
348.3,4381,5441,2416,1726,1.0,8,4,2,0,1,False,True
404.8,5092,6500,2880,1296,1.0,7,3,2,1,2,False,False
287.8,3620,6750,2060,960,1.0,6,3,1,0,1,False,False
296.7,3732,5935,2013,1320,2.0,6,3,1,1,0,False,False
464.5,5843,5616,2590,1650,2.0,8,5,2,2,0,False,False
363.2,4569,4202,2328,1410,2.0,6,3,1,1,1,False,False
498.1,6266,8545,4154,2368,2.0,9,4,2,1,2,False,False
370.0,4654,6065,3100,1942,2.0,7,3,1,0,0,False,False
416.4,5238,6000,2700,1740,2.0,9,2,1,2,1,False,False
282.6,3555,5963,2136,1008,1.0,7,3,1,1,0,False,False
377.2,4745,6276,2750,1918,2.0,9,4,2,0,1,False,False
327.3,4117,9551,2964,1238,1.0,6,2,1,1,0,False,False
305.8,3846,5400,2971,1344,1.0,5,2,1,0,1,False,False
372.1,4681,5000,2658,1737,2.0,7,4,1,1,1,False,False
348.2,4380,4850,3075,1680,1.5,7,2,2,0,1,False,False
426.5,5365,5000,2680,1734,2.0,6,3,2,0,0,True,False
473.0,5950,8058,3541,2224,2.0,8,4,1,1,1,True,False
300.4,3779,5500,2164,1040,1.0,5,2,1,0,1,False,False
342.1,4303,5307,2302,1464,2.0,6,3,1,0,0,False,False
483.5,6082,4000,3692,2142,2.0,7,3,1,1,1,False,False
431.0,5421,5412,2508,1600,2.0,8,3,2,1,1,False,False
280.9,3533,5000,2256,1224,1.5,5,3,1,0,1,False,False
399.0,5019,6350,2361,1662,2.0,7,3,1,1,1,False,False
421.7,5304,8750,3700,1905,2.0,7,3,2,0,1,False,False
694.9,8741,10466,3776,2256,2.0,7,3,2,1,1,False,False
446.2,5613,4648,3548,1768,1.5,6,3,1,1,0,False,False
458.5,5767,5299,3186,1813,2.0,8,5,1,1,1,False,False
339.9,4275,5035,3264,1523,1.0,6,2,1,0,0,False,True
428.4,5389,6255,2553,1494,2.0,7,3,1,1,1,False,False
351.2,4418,10000,2232,1392,2.0,7,3,1,1,0,False,False
311.2,3914,9551,2508,1306,1.5,6,2,1,1,1,True,False
388.9,4892,4293,2778,1422,1.5,6,2,1,2,0,True,False
371.6,4674,5371,3051,1790,2.0,7,3,1,0,1,False,False
377.7,4751,6259,2443,1612,2.0,8,4,1,1,1,False,False
242.9,3055,4151,2068,1248,2.0,7,3,1,0,0,False,False
381.0,4792,6168,2238,1260,2.0,6,2,1,0,0,False,False
304.2,3826,4782,2584,1400,1.5,6,3,2,0,1,False,False
311.9,3923,6612,2107,1487,1.0,7,3,1,1,0,False,False
368.3,4633,6600,2520,1600,2.0,7,4,1,1,1,False,False
491.1,6178,6500,3722,2048,2.0,8,4,3,1,1,False,True
289.0,3635,6522,2366,988,1.0,5,2,1,0,1,False,False
458.8,5771,5500,3584,2016,2.0,10,3,1,1,1,False,False
302.9,3810,6690,1592,780,1.0,5,2,1,0,0,False,False
237.0,2981,3200,1292,1020,2.0,6,3,1,0,0,True,False
428.0,5384,6297,2527,1538,2.0,7,4,1,1,1,False,True
431.6,5429,3921,2346,1793,2.0,7,3,1,1,1,False,False
242.0,3044,5415,1782,734,1.0,5,2,1,0,0,False,False
367.8,4626,3450,3629,1866,2.0,9,3,1,1,0,False,False
252.0,3170,4242,2036,928,1.0,5,2,1,0,1,True,False
367.9,4628,8060,2689,1469,1.5,6,3,1,1,1,False,True
265.3,3337,4297,2496,1354,1.5,6,3,1,0,1,False,False
324.5,4082,4988,2360,1485,2.0,6,3,1,1,0,False,False
413.0,5195,5187,3585,1894,2.0,8,4,2,1,1,False,False
576.5,7252,9200,3969,2520,2.0,9,4,2,1,3,False,True
350.4,4408,4600,2016,1288,2.0,7,3,1,1,1,False,False
393.2,4946,5750,2903,1780,2.0,8,4,1,1,0,False,False
501.8,6312,10400,3670,2425,2.0,7,3,2,1,2,False,True
330.0,4151,4000,2220,1254,2.0,7,3,1,1,1,False,False
399.3,5023,7218,2978,1692,2.0,7,3,1,1,0,False,False
407.3,5123,6252,3172,1720,2.0,7,3,2,0,0,False,True
261.7,3292,4226,2114,1025,1.0,5,3,1,0,1,False,False
311.8,3922,4000,3438,1436,1.0,6,2,1,0,0,False,False
264.5,3327,3800,2084,1000,1.0,5,2,1,0,1,False,False
421.2,5298,7045,2699,1656,2.0,7,4,1,1,2,False,False
511.3,6432,13950,4173,2278,2.0,9,5,2,0,1,False,False
347.9,4376,4269,2236,1368,2.0,6,4,1,1,1,False,False
305.2,3839,6396,2635,1201,1.0,5,2,1,0,1,False,False
436.5,5491,4181,2251,1387,2.0,6,3,2,0,0,False,True
255.0,3207,4200,1940,970,1.0,7,3,1,1,1,False,False
272.3,3425,5400,2132,1056,1.0,5,2,1,0,1,False,False
413.0,5195,4876,3440,1942,2.0,7,3,1,1,1,False,True
359.9,4527,4524,2567,1664,2.0,8,4,1,1,0,False,False
400.0,5032,5974,2474,1524,2.0,7,3,1,0,1,False,True
332.6,4184,5122,1664,792,1.0,5,2,1,0,1,False,False
419.7,5279,5000,3136,1810,2.0,8,5,1,0,0,False,True
398.7,5015,7188,2568,1440,2.0,7,3,1,2,1,False,False
363.4,4571,4150,2190,1470,2.0,6,3,1,1,1,False,False
328.9,4137,3712,2459,1425,2.0,6,3,1,1,1,False,False
450.1,5662,5400,3512,2013,2.0,7,4,2,1,1,True,False
304.2,3826,7842,2106,936,1.0,4,3,1,1,0,False,False
325.5,4094,6875,3070,1540,1.0,7,3,2,0,0,False,False
537.6,6763,9904,5074,2860,2.0,10,6,1,1,0,False,False
404.1,5083,6688,2510,1350,2.0,6,3,1,1,1,False,False
265.9,3345,6946,2339,1075,1.0,6,3,1,0,1,False,False
282.6,3555,5963,2136,1008,1.0,7,3,1,1,0,False,False
403.6,5077,5000,3012,1936,2.0,8,3,1,1,1,False,False
186.3,2343,4300,1926,960,1.0,5,2,1,0,1,False,False
683.1,8593,11550,4989,3245,2.5,9,4,3,1,2,False,False
671.9,8452,7820,4169,2374,2.0,9,5,2,1,1,True,False
275.3,3463,5000,1812,864,1.0,5,2,1,0,0,False,False
317.8,3997,11250,2566,1244,1.0,6,3,1,1,1,False,False
389.6,4901,7395,2499,1454,2.0,8,4,1,1,1,False,False
498.6,6272,13773,5032,2608,1.0,9,5,1,1,1,False,False
403.8,5079,5000,2719,1718,2.0,7,3,1,1,0,False,False
291.5,3667,6000,2080,2028,1.0,8,4,1,1,0,False,False
